URL,Username,UserID,Description,Location,Join_date,Image_Counts,Category,label
https://www.facebook.com/marketplace/item/,-,1.00E+00,"{'RTX': 1, '3070': 1, 'never': 1, 'Overclocked': 1}","London, England",2022,1,1.79E+15,Scam
https://www.facebook.com/marketplace/item/,-,1.00E+00,"{'Speed': 2, 'queen': 1, 'front': 2, 'load': 1, 'Washer': 1, 'COIN': 1, 'OPERATED': 1, '40LB': 1, 'CAPACITY': 1, '208240V': 1, '60Hz': 1, '3PH': 1, 'AMPS': 1, 'stainless': 1, 'steel': 1, 'Maximum': 1, '470': 1, 'rpm': 1, 'Serial': 1, 'hidden': 1, 'information': 1, 'Model': 1, 'Number': 1, 'SCN040KNVXU2001': 1, 'Images': 1, 'and': 1, 'numbers': 1, 'used': 1, 'for': 1, 'identification': 1, 'purposes': 1, 'Only': 1, 'Parts': 1, 'purchased': 1, 'are': 1, 'covered': 1, '123': 1, 'Laundry': 1, 'Solutions': 1, 'warranty': 1, 'only': 1, 'ships': 1, 'with': 1, 'fedex': 1}","London, England",2023,6,6.79E+14,Scam
https://www.facebook.com/marketplace/item/,-,1.00E+00,"{'Apple': 1, 'watch': 1, 'series': 1, 'signs': 1, 'usage': 1, 'message': 1, 'with': 1, 'offers': 1}","Weymouth, England",2022,3,1.79E+15,Scam
https://www.facebook.com/marketplace/item/,-,1.00E+00,"{'new': 1, 'used': 1, 'for': 3, 'around': 1, 'months': 1, 'light': 1, 'gaming': 1, 'now': 1, 'have': 1, 'laptop': 1, 'its': 1, 'not': 1, 'required': 1, 'broke': 1, 'down': 1, 'parts': 1}","Enfield, England",2015,4,6.87E+14,Scam
https://www.facebook.com/marketplace/item/,-,1.00E+00,"{'King': 1, 'size': 1, 'bed': 1, 'mattress': 1, 'included': 1}","Milton Keynes, England",2022,1,1.58E+15,Scam
https://www.facebook.com/marketplace/item/,-,1.00E+00,{},"Milton Keynes, England",2022,1,6.87E+14,Scam
https://www.facebook.com/marketplace/item/,-,1.00E+00,"{'u2705': 1, 'Mens': 1, 'Rolex': 1, 'DayDate': 1, 'OYSTER': 1, '18K': 1, 'Yellow': 1, 'Gold': 1, 'Watch': 1, 'Champagne': 1, 'DIAL': 1, '1803u231aufe0fBOXPAPERS': 1, 'presidential': 1, 'watch': 1, 'thanks': 1, 'the': 2, 'President': 1, 'bracelet': 1, 'heart': 1, 'its': 1, 'development': 1}","London, England",2023,8,2.15E+14,Scam
https://www.facebook.com/marketplace/item/,-,1.00E+00,"{'NVIDIA': 1, 'GeForce': 1, 'RTX': 1, '3080': 1, '12GB': 1, 'GDDR6X': 1, 'Graphics': 1, 'Card': 1, 'INNO3D': 1, 'Triple': 1, 'fan': 1, 'card': 1, 'good': 1, 'condition': 1, 'DisplayPort': 1, 'connectors': 1, 'HDMI': 1}","Enfield, England",2015,5,6.87E+14,Scam
https://www.facebook.com/marketplace/item/,-,1.00E+00,"{'Used': 1, 'Ps5': 1, 'controller': 1, 'black': 1, 'fully': 1, 'working': 1}","Reading, England",2022,3,6.87E+14,Scam
https://www.facebook.com/marketplace/item/,-,1.00E+00,"{'Unlocked': 1, 'Apple': 1, 'iPhone': 1, 'Pro': 1, 'Max': 1, '512GB': 1, 'Physical': 1, 'Sim': 1, 'Various': 1, 'Colors': 1, 'Smartphone': 1, 'New': 1}","London, England",2023,4,1.56E+15,Scam
https://www.facebook.com/marketplace/item/,-,1.00E+00,"{'Original': 1, 'Rolex': 1, 'Submariner': 1, '14060': 1, 'sign': 1, 'usage': 1, 'selling': 1, 'for': 1, 'reasonable': 1, 'price': 1}","Guildford, England",2022,1,2.15E+14,Scam
https://www.facebook.com/marketplace/item/,-,1.00E+00,"{'feel': 1, 'free': 1, 'message': 1, 'for': 1, 'more': 1, 'information': 1, 'postage': 1, 'collection!!': 1}","Cambridge, England",2020,4,1.79E+15,Scam
https://www.facebook.com/marketplace/item/,-,1.00E+00,"{'Used': 1, 'AirPods': 1, 'Pro': 1, 'comes': 1, 'with': 1, 'extra': 1, 'ear': 2, 'tips': 2, 'and': 1, 'have': 1, 'been': 1, 'cleaned': 1}","London, England",2022,1,1.79E+15,Scam
https://www.facebook.com/marketplace/item/,-,1.00E+00,"{'2021': 1, 'Apple': 1, 'MacBook': 1, 'Pro': 1, 'Laptop': 1, 'Inch': 1, 'Space': 1, 'Gray': 1, 'GHz': 1, 'Max': 1, '10Core': 1, 'CPU': 1, '64GB': 1, '2TB': 1, 'comes': 1, 'with': 1, 'original': 1, 'box': 1, 'and': 1, 'accessories': 1, 'Low': 1, 'cycle': 1, 'count': 1, 'awesome': 1, 'condition': 1}","London, England",2023,3,1.79E+15,Scam
https://www.facebook.com/marketplace/item/,-,1.00E+00,"{'Selling': 1, 'the': 1, 'GPU': 1, 'Its': 1, 'been': 1, 'purchased': 1, 'early': 1, '2021': 1, 'used': 1, 'almost': 1, 'daily': 1, 'for': 1, 'gaming': 1, 'and': 2, 'video': 1, 'editing': 1, 'Works': 1, 'great': 1, 'was': 1, 'well': 1, 'looked': 1, 'after': 1}","Cambridge, England",2020,4,1.79E+15,Scam
https://www.facebook.com/marketplace/item/,-,1.00E+00,"{'OFFERS': 1, 'Custom': 1, 'Built': 1, 'Gaming': 1, 'GTX': 1, '1650': 1, 'ASROCK': 1, 'B40HDV': 1, '1TB': 1, 'NVME': 1, 'SSD': 1, 'RYZEN': 1, '2600': 1, 'EVGA': 1, '500W': 1}","Milton Keynes, England",2022,2,6.87E+14,Scam
https://www.facebook.com/marketplace/item/,-,1.00E+00,"{'Ps5': 1, 'disk': 1, 'edition': 1, 'open': 1, 'offers': 1, 'pickups': 1, 'Next': 1, 'day': 1, 'delivery': 1, 'available': 1, 'with': 1, 'Royal': 1, 'Mail': 1}","Brighton, England",2022,1,6.87E+14,Scam
https://www.facebook.com/marketplace/item/,-,1.00E+00,"{'Apple': 1, 'MacBook': 1, 'Pro': 2, 'Laptop': 1, 'Inch': 1, 'GHz': 1, '1TB': 1, '16GB': 1, 'RAM': 1, 'MK1F3LLA': 1, 'unused': 1, 'unopened': 1, 'undamaged': 1, 'item': 1, 'its': 1, 'original': 1, 'GRAY': 1, 'NEW!': 1}","London, England",2023,6,1.79E+15,Scam
https://www.facebook.com/marketplace/item/,-,1.00E+00,"{'ASUS': 2, 'ROG': 2, 'Strix': 2, 'GeForce': 2, 'RTX': 2, '4090': 2, '24GB': 2, 'GDDR6X': 2, 'Graphics': 2, 'Card': 2, 'mint': 1, 'condition': 1, 'working': 1, 'flawlessly': 1, 'open': 1, 'box': 1, 'but': 1, 'like': 1, 'new': 1, 'FAST': 1, 'SHIPPING': 1}","London, England",2023,3,1.79E+15,Scam
https://www.facebook.com/marketplace/item/,-,1.00E+00,"{'ASUS': 1, 'ROG': 1, 'Strix': 1, 'GeForce': 1, 'RTX': 1, '3090': 1, '24GB': 1, 'GDDR6X': 1, 'Graphics': 1, 'Card': 1, 'fully': 1, 'functional': 1, 'AMP': 1, 'Extreme': 1, 'Holo': 1, 'Tested': 1, 'with': 2, 'Mark': 1, 'while': 1, 'monitoring': 1, 'temps': 1, 'and': 1, 'speeds': 1, 'HWInfo64': 1}","London, England",2023,3,1.79E+15,Scam
https://www.facebook.com/marketplace/item/,-,1.00E+00,"{'NVIDIA': 1, 'GeForce': 1, 'RTX': 1, '3090': 1, 'Founders': 1, 'Edition': 1, '24GB': 1, 'GDDR6X': 1, 'Graphics': 1, 'Card': 1, 'Brand': 1, 'New': 1, 'Sealed': 1, 'Initially': 1, 'son': 1, 'wanted': 1, 'build': 1, 'gaming': 1, 'but': 1, 'now': 1, 'has': 1, 'the': 1, 'Ps5': 1, 'and': 1, 'longer': 1, 'wants': 1, 'therefore': 1, 'selling': 1, 'Delivery': 1, 'only': 1, 'due': 1, 'previous': 1, 'experiences': 1}","London, England",2021,5,1.79E+15,Scam
https://www.facebook.com/marketplace/item/,-,1.00E+00,"{'Dji': 1, 'mavic': 1, 'pro': 1, 'Camera': 1, 'Drone': 2, 'Hasselblad': 1, 'UltraHD': 1, 'Fly': 1, 'Combo': 1, 'Kit': 1, 'Definition': 1, 'video': 1, 'professional': 1}","London, England",2023,6,1.79E+15,Scam
https://www.facebook.com/marketplace/item/,-,1.00E+00,"{'ASUS': 1, 'ROG': 1, 'Strix': 1, 'GeForce': 1, 'RTX': 1, '4090': 1, 'Edition': 1, 'Gaming': 1, 'Graphics': 1, 'Card': 1, 'PCIe': 1, '24GB': 1}","London, England",2023,1,1.79E+15,Scam
https://www.facebook.com/marketplace/item/,-,1.00E+00,"{'Samsung': 1, 'Galaxy': 1, 'Note20': 1, 'Ultra': 1, 'SMN986BDS256GB': 1, 'Mys': 1, 'Bronze': 1, 'Video': 1, 'Recording': 1, 'Accelerometer': 1, 'ANT': 1, 'Barometer': 1, 'Bluetooth': 1, 'Enabled': 1, 'Digital': 1, 'Compass': 1}","London, England",2023,10,1.56E+15,Scam
https://www.facebook.com/marketplace/item/,-,1.00E+00,"{'Dji': 1, 'Mavic': 1, 'Mini': 1, 'Pro': 2, 'Drone': 1, 'New': 1, 'batteries': 1, 'controller': 1, 'with': 1, 'extra': 1, 'thumb': 1, 'controls': 1, '1TB': 1, 'Sandisk': 1, 'Extreme': 1, 'Micro': 1, 'cardScreen': 1, 'shade': 1, 'and': 1, 'Pontoon': 1, 'floats': 1, 'included': 1}","London, England",2023,7,1.79E+15,Scam
https://www.facebook.com/marketplace/item/,-,1.00E+00,"{'Samsung': 1, 'Inch': 1, 'Curved': 1, 'Smart': 1, 'Crystal': 1, 'Full': 1, 'surround': 1, 'sound': 1, 'system': 1}","London, England",2023,9,1.79E+15,Scam
https://www.facebook.com/marketplace/item/,-,1.00E+00,"{'Samsung': 1, 'Galaxy': 1, 'Tab': 1, 'Plus': 1, 'without': 1, 'Simlock': 1, '256GB': 1, '124': 1, 'INCH': 1, 'like': 1, 'new!': 1, 'lots': 1, 'accessoriesSamsung': 1, 'Book': 1, 'Cover': 1, 'SlimSamsung': 1, 'Bluetooth': 1, 'Mouse': 1}","London, England",2023,5,1.79E+15,Scam
https://www.facebook.com/marketplace/item/,-,1.00E+00,"{'Rare': 1, 'model': 1, 'Bally': 1, 'Eight': 2, 'Ball': 2, 'Champ': 2, 'Pinball': 1, 'machine': 1, 'very': 1, 'good': 1, 'condition': 1, 'from': 1, '1985': 1, 'took': 1, 'the': 3, 'best': 1, 'fist': 1, 'two': 1, 'games': 1, 'series': 1, 'and': 1, 'combined': 1, 'them': 1, 'into': 1, 'real': 1, 'classic': 1, 'players': 1, 'game': 1}","London, England",2023,1,6.06E+14,Scam
https://www.facebook.com/marketplace/item/,-,1.00E+00,"{'Modern': 1, 'Double': 2, 'Size': 1, 'Leather': 1, 'Bed': 3, 'Memory': 1, 'Foam': 1, 'Mattress': 1, 'Black': 2, 'Side': 1, 'Drawers': 1, '210': 1, '152': 1, 'and': 1, 'white': 1, '4ft6': 1}","London, England",2023,8,1.58E+15,Scam
https://www.facebook.com/marketplace/item/,-,1.00E+00,"{'Unlocked': 1, 'Samsung': 1, 'Galaxy': 1, 'Fold3': 1, '256GB': 1, 'Phantom': 1, 'Black': 1, 'Bundled': 1, 'Extras': 1, 'Original': 1, 'packaging': 1, 'boxes': 1, 'cables': 1, 'and': 1, 'instructions': 1}","London, England",2023,7,1.56E+15,Scam
https://www.facebook.com/marketplace/item/,-,1.00E+00,"{'Canon': 1, 'EOS': 1, 'Mark': 1, '304MP': 1, 'Digital': 1, 'SLR': 1, 'Camera': 1, '24105': 1, '1740': 1, '70mm': 1, 'lens': 1, 'Bundle': 1, 'memory': 1, 'cards': 1, '16GB': 1, '1x4GB': 1, 'and': 1, '1x8GB': 1}","London, England",2023,7,1.79E+15,Scam
https://www.facebook.com/marketplace/item/,-,1.00E+00,"{'Samsung': 1, 'Galaxy': 1, 'Book': 1, 'Flex': 1, 'Alpha': 1, 'TouchScreen': 1, 'Laptop': 1, '360': 1, '2in1': 1, '133': 1, 'inch': 1, 'touch': 1}","London, England",2023,6,1.79E+15,Scam
https://www.facebook.com/marketplace/item/,-,1.00E+00,"{'Nano': 1, 'Off': 1, 'Road': 1, 'Airwheel': 1, 'Electric': 1, 'Mini': 1, 'Pro': 1, 'Scooter': 1, 'Motor': 1, '60V': 1, '1500W': 1, 'brushless': 1, 'gearless': 1, 'motorBattery': 1, '60V12AH': 1, 'Lithium': 1, 'batteryRange': 1, '4050kmCharge': 1, 'time': 1, '34hoursBrake': 1, 'HydrolicEABS': 1, 'Electronic': 1, 'brake': 1}","London, England",2023,5,7.58E+14,Scam
https://www.facebook.com/marketplace/item/,-,1.00E+00,"{'samsung': 1, 'QN90B': 1, 'NEO': 1, 'QLED': 1, '85u201d': 1, 'smart': 1, 'Brand': 1, 'new': 1, 'still': 1, 'the': 1, 'box': 1, 'never': 1, 'been': 1, 'opened': 1, 'Ethernet': 1, 'WiFi': 1, 'Ready': 1}","London, England",2023,4,1.79E+15,Scam
https://www.facebook.com/marketplace/item/,-,1.00E+00,"{'Unlocked': 1, 'Samsung': 1, 'Galaxy': 1, 'Note': 1, 'SMN970FDS': 1, '256GB': 1, 'Aura': 1, 'Glow': 1, 'Dual': 1, 'SIM': 1, 'Phone': 1}","London, England",2023,5,1.56E+15,Scam
https://www.facebook.com/marketplace/item/,-,1.00E+00,"{'Canon': 1, 'EOS': 1, '90d': 1, 'DSLR': 1, 'Camera': 1, 'for': 1, 'studio': 1, 'portrait': 1, 'photography': 1, 'Kept': 1, 'the': 1, 'bag': 1, 'and': 2, 'clean': 1, 'scratches': 1, 'wear': 1, 'tear': 1, 'Looks': 1, 'brand': 1, 'new': 1, 'purchased': 1}","London, England",2023,8,1.79E+15,Scam
https://www.facebook.com/marketplace/item/,-,1.00E+00,"{'Unlocked': 1, 'Samsung': 1, 'Galaxy': 1, 'Fold4': 1, 'SMF936U': 1, '512GB': 1, 'Phantom': 1, 'Black': 1, 'NEW!': 1, 'With': 1, 'Extras!': 1}","London, England",2023,6,1.56E+15,Scam
https://www.facebook.com/marketplace/item/,-,1.00E+00,"{'Samsung': 1, 'SRF533DLS': 1, 'French': 1, 'Door': 1, 'Fridge': 1, 'Non': 1, 'Plumbed': 1, 'with': 1, 'Water': 1, '533L': 1, 'Comes': 1, 'With': 1, 'Months': 1, 'Warranty': 1, 'plus': 1, 'manufacturer': 1, 'years': 1, 'warranty': 1, 'Gross': 1, 'Capacity': 1, 'Litres': 1, '533': 1}","London, England",2023,5,6.79E+14,Scam
https://www.facebook.com/marketplace/item/,-,1.00E+00,"{'Mahogany': 1, 'Solid': 1, 'timber': 1, 'Queen': 1, 'size': 1, 'bed': 1, 'suite': 1, 'Bedframe': 1, 'and': 3, 'Side': 1, 'tables': 1, 'edside': 1, 'lights': 1, 'pieces': 1, 'super': 1, 'solid': 1, 'hard': 1, 'wood': 1, 'material': 1, 'Local': 1, 'pickup': 1, 'only': 1, 'ready': 1, 'pick': 1}","London, England",2023,5,1.58E+15,Scam
https://www.facebook.com/marketplace/item/,-,1.00E+00,"{'Xiaomi': 1, 'Pro': 1, 'Electric': 1, 'Scooter': 1, 'new': 1, 'undamaged': 1, 'item': 1, 'unused': 1, 'unopened': 1, 'its': 1, 'original': 1, 'packaging': 1, 'hidden': 2, 'information899': 1, 'information761': 1}","London, England",2023,5,6.06E+14,Scam
https://www.facebook.com/marketplace/item/,-,1.00E+00,"{'Unagi': 1, 'Model': 1, 'One': 1, 'E500': 1, 'Dual': 1, 'Motor': 1, 'Electric': 2, 'Scooter': 2, 'Blue': 1, 'Ultralight': 1, 'Foldable': 1}","London, England",2023,4,6.06E+14,Scam
https://www.facebook.com/marketplace/item/,-,1.00E+00,"{'Sony': 1, 'Playstation': 1, 'Pro': 1, 'PS4': 1, 'PRO': 1, '1TB': 1, 'Black': 1, 'ConsoleGenuine': 1, 'Original': 1, 'ControllerAccessories': 1, 'HDMI': 1, 'High': 1, 'Speed': 1}","London, England",2023,8,6.87E+14,Scam
https://www.facebook.com/marketplace/item/,-,1.00E+00,"{'Memory': 1, 'Foam': 1, 'MattressFree': 1, 'delivery': 1, 'Available': 1, 'Sizes': 1, 'Single': 1, 'Double': 1, 'bed': 1, 'with': 4, 'mattress': 3, 'King': 1, 'size': 2, 'Superking': 1, 'Brand': 1, 'new': 1, 'double': 1, 'beds': 1, 'available': 1, 'Wholesale': 1, 'Prices': 1, 'Free': 1, 'Delivery': 1, 'Any': 1, 'flat': 1, 'frame': 1, 'any': 1, 'fabric': 2, 'diamante': 1, 'buttons': 1, 'MonocoParis': 1, 'DivanSelighHilton': 1, 'Frame': 1, 'Bed': 1, 'without': 1, 'memory': 1, 'foam': 1, '3ft': 1, '4ft': 1, '5ft': 1, '6ft': 1, 'Inbox': 1, 'for': 1, 'price': 1}","Canterbury, England",2022,1,1.58E+15,Scam
https://www.facebook.com/marketplace/item/,-,1.00E+00,"{'Sony': 1, 'PlayStation': 1, 'PS4': 1, 'Slim': 1, 'Jet': 1, 'Black': 1, '500GB': 1, 'With': 1, 'Controller': 1, 'And': 1, 'Games': 1, 'BluRay': 1, 'Compatible': 1, 'WiFi': 1, 'Capability': 1, 'Internet': 1, 'Browsing': 1, 'Audio': 1, 'Technology': 1}","London, England",2023,6,6.87E+14,Scam
https://www.facebook.com/marketplace/item/,-,1.00E+00,"{'Apple': 1, 'iPhone': 1, 'Pro': 1, 'Max': 1, '512GB': 1, 'Pacific': 1, 'Blue': 1, 'Unlocked': 1, 'With': 1, 'Full': 1, 'Warranty': 1, 'Lots': 1, 'Accessories': 1}","London, England",2023,4,1.56E+15,Scam
https://www.facebook.com/marketplace/item/,-,1.00E+00,"{'Memory': 1, 'Foam': 1, 'MattressFree': 1, 'delivery': 1, 'Available': 1, 'Sizes': 1, 'Single': 1, 'Double': 1, 'bed': 1, 'with': 4, 'mattress': 3, 'King': 1, 'size': 2, 'Superking': 1, 'Brand': 1, 'new': 1, 'double': 1, 'beds': 1, 'available': 1, 'Wholesale': 1, 'Prices': 1, 'Free': 1, 'Delivery': 1, 'Any': 1, 'flat': 1, 'frame': 1, 'any': 1, 'fabric': 2, 'diamante': 1, 'buttons': 1, 'MonocoParis': 1, 'DivanSelighHilton': 1, 'Frame': 1, 'Bed': 1, 'without': 1, 'memory': 1, 'foam': 1, '3ft': 1, '4ft': 1, '5ft': 1, '6ft': 1, 'Inbox': 1, 'for': 1, 'price': 1}","London, England",2022,1,1.58E+15,Scam
https://www.facebook.com/marketplace/item/,-,1.00E+00,"{'Memory': 1, 'Foam': 1, 'MattressFree': 1, 'delivery': 1, 'Available': 1, 'Sizes': 1, 'Single': 1, 'Double': 1, 'bed': 1, 'with': 4, 'mattress': 3, 'King': 1, 'size': 2, 'Superking': 1, 'Brand': 1, 'new': 1, 'double': 1, 'beds': 1, 'available': 1, 'Wholesale': 1, 'Prices': 1, 'Free': 1, 'Delivery': 1, 'Any': 1, 'flat': 1, 'frame': 1, 'any': 1, 'fabric': 2, 'diamante': 1, 'buttons': 1, 'MonocoParis': 1, 'DivanSelighHilton': 1, 'Frame': 1, 'Bed': 1, 'without': 1, 'memory': 1, 'foam': 1, '3ft': 1, '4ft': 1, '5ft': 1, '6ft': 1, 'Inbox': 1, 'for': 1, 'price': 1}","Chelmsford, England",2022,1,1.58E+15,Scam
https://www.facebook.com/marketplace/item/,-,1.00E+00,"{'Memory': 1, 'Foam': 1, 'MattressFree': 1, 'delivery': 1, 'Available': 1, 'Sizes': 1, 'Single': 1, 'Double': 1, 'bed': 1, 'with': 4, 'mattress': 3, 'King': 1, 'size': 2, 'Superking': 1, 'Brand': 1, 'new': 1, 'double': 1, 'beds': 1, 'available': 1, 'Wholesale': 1, 'Prices': 1, 'Free': 1, 'Delivery': 1, 'Any': 1, 'flat': 1, 'frame': 1, 'any': 1, 'fabric': 2, 'diamante': 1, 'buttons': 1, 'MonocoParis': 1, 'DivanSelighHilton': 1, 'Frame': 1, 'Bed': 1, 'without': 1, 'memory': 1, 'foam': 1, '3ft': 1, '4ft': 1, '5ft': 1, '6ft': 1, 'Inbox': 1, 'for': 1, 'price': 1}","Rainham, England",2022,1,1.58E+15,Scam
https://www.facebook.com/marketplace/item/,-,1.00E+00,"{'Sony': 1, 'PlayStation': 1, 'Digital': 1, 'Edition': 1, 'Console': 1, 'PS5': 1, 'White': 1, 'with': 2, 'extra': 1, 'controller': 2, 'and': 2, 'charging': 2, 'dock': 1, 'Official': 1, 'Controllers': 1, 'Headset': 1, 'long': 1, 'cable': 3, 'Power': 1, 'HDMI': 1}","London, England",2023,9,6.87E+14,Scam
https://www.facebook.com/marketplace/item/,-,1.00E+00,"{'Memory': 1, 'Foam': 1, 'MattressFree': 1, 'delivery': 1, 'Available': 1, 'Sizes': 1, 'Single': 1, 'Double': 1, 'bed': 1, 'with': 4, 'mattress': 3, 'King': 1, 'size': 2, 'Superking': 1, 'Brand': 1, 'new': 1, 'double': 1, 'beds': 1, 'available': 1, 'Wholesale': 1, 'Prices': 1, 'Free': 1, 'Delivery': 1, 'Any': 1, 'flat': 1, 'frame': 1, 'any': 1, 'fabric': 2, 'diamante': 1, 'buttons': 1, 'MonocoParis': 1, 'DivanSelighHilton': 1, 'Frame': 1, 'Bed': 1, 'without': 1, 'memory': 1, 'foam': 1, '3ft': 1, '4ft': 1, '5ft': 1, '6ft': 1, 'Inbox': 1, 'for': 1, 'price': 1}","Whitstable, England",2022,1,1.58E+15,Scam
https://www.facebook.com/marketplace/item/,-,1.00E+00,"{'Samsung': 1, 'Galaxy': 1, 'Note10': 1, 'SMN975FDS': 1, '256GB': 1, 'Unlocked': 1, 'Star': 1, 'Wars': 1, 'Limited': 1, 'edition': 1, 'bundle': 1, 'everything': 1, 'included': 1, 'from': 1, 'original': 1}","London, England",2023,4,1.56E+15,Scam
https://www.facebook.com/marketplace/item/,-,1.00E+00,"{'Memory': 1, 'Foam': 1, 'MattressFree': 1, 'delivery': 1, 'Available': 1, 'Sizes': 1, 'Single': 1, 'Double': 1, 'bed': 1, 'with': 4, 'mattress': 3, 'King': 1, 'size': 2, 'Superking': 1, 'Brand': 1, 'new': 1, 'double': 1, 'beds': 1, 'available': 1, 'Wholesale': 1, 'Prices': 1, 'Free': 1, 'Delivery': 1, 'Any': 1, 'flat': 1, 'frame': 1, 'any': 1, 'fabric': 2, 'diamante': 1, 'buttons': 1, 'MonocoParis': 1, 'DivanSelighHilton': 1, 'Frame': 1, 'Bed': 1, 'without': 1, 'memory': 1, 'foam': 1, '3ft': 1, '4ft': 1, '5ft': 1, '6ft': 1, 'Inbox': 1, 'for': 1, 'price': 1}","Benfleet, England",2022,1,1.58E+15,Scam
https://www.facebook.com/marketplace/item/,-,1.00E+00,"{'TREK': 1, 'Powerfly': 2, '275': 1, 'eMTB': 2, 'Mountain': 1, 'Bike': 1, 'Trek': 1, 'Class': 1, 'electric': 1, 'assist': 1, 'with': 1, 'Bosch': 1, 'Performance': 1, '250w': 1, 'motor': 1, '500wh': 1, 'battery': 1, 'Ridden': 1, 'about': 1, '204': 1, 'miles': 1}","London, England",2023,7,1.66E+15,Scam
https://www.facebook.com/marketplace/item/,-,1.00E+00,"{'Memory': 1, 'Foam': 1, 'MattressFree': 1, 'delivery': 1, 'Available': 1, 'Sizes': 1, 'Single': 1, 'Double': 1, 'bed': 1, 'with': 4, 'mattress': 3, 'King': 1, 'size': 2, 'Superking': 1, 'Brand': 1, 'new': 1, 'double': 1, 'beds': 1, 'available': 1, 'Wholesale': 1, 'Prices': 1, 'Free': 1, 'Delivery': 1, 'Any': 1, 'flat': 1, 'frame': 1, 'any': 1, 'fabric': 2, 'diamante': 1, 'buttons': 1, 'MonocoParis': 1, 'DivanSelighHilton': 1, 'Frame': 1, 'Bed': 1, 'without': 1, 'memory': 1, 'foam': 1, '3ft': 1, '4ft': 1, '5ft': 1, '6ft': 1, 'Inbox': 1, 'for': 1, 'price': 1}","Cambridge, England",2022,1,1.58E+15,Scam
https://www.facebook.com/marketplace/item/,-,1.00E+00,"{'IPhone': 1, '128gb': 1, 'very': 1, 'good': 1, 'condition': 1, 'All': 1, 'works': 1, 'great': 1, 'battery': 1, 'health': 1, '82u0025': 1, 'can': 3, 'deliver': 1, 'locally': 1, 'collected': 1, 'and': 1, 'also': 1, 'postaged': 1, 'next': 1, 'day': 1, 'tracked': 1, 'the': 2, 'postage': 1, 'paid': 1, 'for': 1, 'offers': 1, 'phone': 1, 'cheap': 1}","Lancaster, England",2023,3,1.56E+15,Scam
https://www.facebook.com/marketplace/item/,-,1.00E+00,"{'Brand': 1, 'New': 1, 'Iphone': 1, 'Pro': 1, 'Max': 1, 'with': 1, '256Gb': 1, 'Wanting': 1, 'quick': 1, 'sale': 1, 'for': 2, 'this': 1, 'item': 1, 'Selling': 1, 'due': 1, 'not': 1, 'being': 1, 'needed': 1, 'wont': 1, 'Raffle': 1, 'Deposit': 1, 'has': 1, 'paid': 1, 'least': 1, 'u00a3100': 1, 'purchase': 1, 'Open': 1, 'offers': 1, 'available': 1, 'delivery': 1, 'local': 1, 'Message': 1, 'more': 1, 'details': 1}","Preston, England",2023,3,1.56E+15,Scam
https://www.facebook.com/marketplace/item/,-,1.00E+00,"{'Samsung': 1, 'Galaxy': 1, 'S22': 1, 'Ultra': 1, 'Unlocked': 1, 'SMS908BDS': 1, '256GB': 1, 'Phantom': 1, 'Black': 1, 'Check': 1, 'ESN': 1, 'IMEI': 1}","London, England",2023,6,1.56E+15,Scam
https://www.facebook.com/marketplace/item/,-,1.00E+00,"{'Memory': 1, 'Foam': 1, 'MattressFree': 1, 'delivery': 1, 'Available': 1, 'Sizes': 1, 'Single': 1, 'Double': 1, 'bed': 1, 'with': 4, 'mattress': 3, 'King': 1, 'size': 2, 'Superking': 1, 'Brand': 1, 'new': 1, 'double': 1, 'beds': 1, 'available': 1, 'Wholesale': 1, 'Prices': 1, 'Free': 1, 'Delivery': 1, 'Any': 1, 'flat': 1, 'frame': 1, 'any': 1, 'fabric': 2, 'diamante': 1, 'buttons': 1, 'MonocoParis': 1, 'DivanSelighHilton': 1, 'Frame': 1, 'Bed': 1, 'without': 1, 'memory': 1, 'foam': 1, '3ft': 1, '4ft': 1, '5ft': 1, '6ft': 1, 'Inbox': 1, 'for': 1, 'price': 1}","London, England",2022,1,1.58E+15,Scam
https://www.facebook.com/marketplace/item/,-,1.00E+00,"{'Few': 1, 'hairline': 1, 'cracks': 1, 'works': 1, 'perfect': 1, 'tho': 1}","Preston, England",2021,3,1.79E+15,Scam
https://www.facebook.com/marketplace/item/,-,1.00E+00,"{'Like': 1, 'new': 1, 'few': 1, 'straches': 1, 'Can': 1, 'connect': 1, 'your': 1, 'phone': 1, 'and': 3, 'lock': 1, 'adjust': 1, 'speeds': 1, 'lights': 1}","Preston, England",2021,0,8.07E+14,Scam
https://www.facebook.com/marketplace/item/,-,1.00E+00,"{'Sealed': 1, 'bought': 1, 'bulk': 1, 'available': 1, 'Black': 1, 'iphone': 1, 'pro': 1, 'max': 1, 'Collection': 1, 'delivery': 1}","Morecambe, England",2023,2,1.56E+15,Scam
https://www.facebook.com/marketplace/item/,-,1.00E+00,"{'PRO': 1, 'MAX': 1, 'NEW': 1, 'PHONE': 1, 'UPGRADED': 1, 'LONGER': 1, 'NEED': 1, 'NEGOTIATIONS': 1, 'ACCEPTED': 2, 'DELIVERY': 1, 'ud83dudce6': 1, 'TIME': 1, 'WASTED': 1, 'MINT': 1, 'CONDITION': 1, 'AND': 2, 'AMAXONG': 1, 'BATTERY': 1, 'LIFE': 1, 'COMES': 1, 'WITH': 1, 'APPLE': 1, 'CARE': 1, 'UNLOCKED': 1, 'MARKS': 1}","Burnley, England",2022,4,1.56E+15,Scam
https://www.facebook.com/marketplace/item/,-,1.00E+00,"{'Tiny': 1, 'hair': 1, 'line': 1, 'crack': 1, 'back': 1}","Preston, England",2021,3,1.56E+15,Scam
https://www.facebook.com/marketplace/item/,-,1.00E+00,"{'New': 1, 'Never': 1, 'worn': 1, 'Can': 1, 'collect': 1, 'deliver': 1, 'free': 1, 'charge': 1, 'time': 1, 'wasters': 1, 'Size': 1}","Burnley, England",2022,2,1.27E+15,Scam
https://www.facebook.com/marketplace/item/,-,1.00E+00,"{'Brand': 1, 'new': 1, 'Unwanted': 1, 'gift': 1}","Preston, England",2021,4,1.27E+15,Scam
https://www.facebook.com/marketplace/item/,-,1.00E+00,"{'Brand': 1, 'new': 1, 'box': 1, 'Unlocked': 1}","Preston, England",2021,1,1.56E+15,Scam
https://www.facebook.com/marketplace/item/,-,1.00E+00,"{'Brand': 2, 'new': 2, 'fire': 1, 'stick': 1, 'max': 1, 'and': 2, 'lite': 1, 'sealed': 1, 'the': 2, 'box': 1, 'with': 2, 'all': 1, 'accompanying': 1, 'accessories': 1, 'Comes': 1, 'Alexa': 1, 'voice': 1, 'remote': 1, 'control': 1, 'offer': 1, 'collection': 1, 'from': 1, 'home': 1, 'postage': 1, 'upon': 1, 'request': 1, 'Any': 1, 'technical': 1, 'questions': 1, 'get': 1, 'touch': 1}","Horsham, England",2021,1,1.79E+15,Scam
https://www.facebook.com/marketplace/item/,-,1.00E+00,"{'very': 1, 'good': 1, 'condition': 1}","London, England",2022,2,1.56E+15,Scam
https://www.facebook.com/marketplace/item/,-,1.00E+00,"{'got': 1, 'for': 1, 'Christmas': 1, 'basically': 1, 'new': 1, 'cracks': 1}","Birmingham, England",2023,5,1.56E+15,Scam
https://www.facebook.com/marketplace/item/,-,1.00E+00,"{'Unlocked': 1, 'Samsung': 1, 'Galaxy': 1, 'S23': 1, 'Ultra': 1, '512': 1, 'Graphite': 1, 'Cream': 1, 'SMS918U1': 1, 'SUPER': 1, 'NICE!': 1, 'EXTRAS!': 1, 'new': 1, 'undamaged': 1, 'item': 1, 'unused': 1, 'unopened': 1, 'its': 1, 'original': 1, 'packaging': 1, 'hidden': 2, 'information899': 1, 'information761': 1}","London, England",2023,6,1.56E+15,Scam
https://www.facebook.com/marketplace/item/,-,1.00E+00,"{'Brand': 1, 'new': 1}","Cambridge, England",2022,5,1.79E+15,Scam
https://www.facebook.com/marketplace/item/,-,1.00E+00,{'New': 1},"London, England",2022,5,1.56E+15,Scam
https://www.facebook.com/marketplace/item/,-,1.00E+00,"{'Memory': 1, 'Foam': 1, 'MattressFree': 1, 'delivery': 1, 'Available': 1, 'Sizes': 1, 'Single': 1, 'Double': 1, 'bed': 1, 'with': 4, 'mattress': 3, 'King': 1, 'size': 2, 'Superking': 1, 'Brand': 1, 'new': 1, 'double': 1, 'beds': 1, 'available': 1, 'Wholesale': 1, 'Prices': 1, 'Free': 1, 'Delivery': 1, 'Any': 1, 'flat': 1, 'frame': 1, 'any': 1, 'fabric': 2, 'diamante': 1, 'buttons': 1, 'MonocoParis': 1, 'DivanSelighHilton': 1, 'Frame': 1, 'Bed': 1, 'without': 1, 'memory': 1, 'foam': 1, '3ft': 1, '4ft': 1, '5ft': 1, '6ft': 1, 'Inbox': 1, 'for': 1, 'price': 1}","Worthing, England",2022,1,1.58E+15,Scam
https://www.facebook.com/marketplace/item/,-,1.00E+00,"{'Brand': 1, 'new': 1, 'unlocked': 2, 'and': 4, 'sealed': 1, 'Samsung': 1, 'Galaxy': 1, 'S22': 1, 'Ultra': 1, '128gb': 1, 'black': 1, 'phantom': 1, 'colour': 1, 'Phone': 1, 'comes': 1, 'all': 1, 'networks': 1, 'Only': 1, 'had': 1, 'the': 1, 'phone': 1, 'for': 1, 'week': 1, 'have': 1, 'never': 1, 'used': 1, 'offer': 1, 'both': 1, 'collection': 1, 'from': 1, 'home': 1, 'postage': 1, 'upon': 1, 'request': 1}","Horsham, England",2021,3,1.56E+15,Scam
https://www.facebook.com/marketplace/item/,-,1.00E+00,{},"Barry, Wales",2007,3,1.79E+15,NScam
https://www.facebook.com/marketplace/item/,-,1.00E+00,{},"Barry, Wales",2007,8,1.57E+15,NScam
https://www.facebook.com/marketplace/item/,-,1.00E+00,{},"Barry, Wales",2007,3,1.79E+15,NScam
https://www.facebook.com/marketplace/item/,-,1.00E+00,{},"Barry, Wales",2007,4,1.57E+15,NScam
https://www.facebook.com/marketplace/item/,-,1.00E+00,{},"Barry, Wales",2007,3,1.79E+15,NScam
https://www.facebook.com/marketplace/item/,-,1.00E+00,{},"Barry, Wales",2007,6,1.57E+15,NScam
https://www.facebook.com/marketplace/item/,-,1.00E+00,"{'Desk': 1, 'Only': 1, 'used': 1, 'for': 2, 'months': 1, 'revision': 1, 'Bought': 1, 'brand': 1, 'new': 1, 'Pet': 1, 'and': 2, 'smoke': 1, 'free': 1, 'home': 1, 'Metal': 1, 'framing': 1, 'wood': 1, 'surface': 1, 'draws': 1, '100cm': 1, 'width': 1, '50cm': 1, 'depth': 1, '74cm': 1, 'Height': 1, 'Collection': 1, 'Delivery': 1, 'available': 1, 'within': 1, 'miles': 1, 'BL3': 1, 'u00a350': 1}","Bolton, England",2009,4,1.58E+15,NScam
https://www.facebook.com/marketplace/item/,-,1.00E+00,"{'Tall': 1, 'bookshelf': 1, 'you': 1, 'will': 1, 'need': 1, 'van': 1, 'for': 1, 'fit': 1, 'cant': 1, 'deliver': 1, 'Measurements': 1, 'Height': 1, '220cm': 1, 'Width': 1, '80cm': 1, 'Depth': 1, '35cm': 1}","Rochdale, England",2009,3,1.58E+15,NScam
https://www.facebook.com/marketplace/item/,-,1.00E+00,"{'have': 2, 'just': 1, 'taken': 1, 'months': 2, 'fully': 1, 'restore': 2, '2001': 1, 'GTV': 1, 'the': 7, 'list': 1, 'jobs': 1, 'done': 1, 'testament': 1, 'condition': 1, 'car': 3, 'can': 1, 'seen': 1, 'these': 1, 'pics': 1, 'now': 1, 'bought': 1, 'ago': 1, 'some': 2, 'fun': 1, 'with': 1, 'and': 3, 'then': 1, 'decided': 1, 'had': 3, 'rust': 1, 'body': 1, 'usual': 1, 'dents': 1, 'scratches': 1, 'plus': 1, 'been': 1, 'Cat': 1, 'stage': 1}","Preston, England",2007,0,8.07E+14,NScam
https://www.facebook.com/marketplace/item/,-,1.00E+00,"{'Pine': 1, 'computer': 2, 'home': 1, 'office': 1, 'desk': 1, 'With': 1, 'pullout': 1, 'shelf': 2, 'drawer': 1, 'cupboard': 1, 'and': 1, 'rear': 1, 'Excellent': 1, 'condition': 1}","Burnley, England",2012,1,1.58E+15,NScam
https://www.facebook.com/marketplace/item/,-,1.00E+00,"{'Height': 1, '179cm': 1, 'Width': 1, '78cm': 1, 'Depth': 1, '20cm': 1, 'Sold': 1, 'assembled': 1}","Rochdale, England",2017,3,1.58E+15,NScam
https://www.facebook.com/marketplace/item/,-,1.00E+00,"{'For': 1, 'sale': 1, 'Mazda': 1, 'diesel': 1, 'speed': 1, 'manualhalf': 1, 'leather': 1, 'interior2': 1, 'keysin': 1, 'decent': 1, 'conditionmot': 1, 'valid': 1, 'till': 1, 'July': 1, '2023car': 1, 'had': 1, 'full': 1, 'service': 1, 'and': 2, 'new': 1, 'turbo': 1, 'months': 1, 'agobut': 1, 'sadly': 1, 'the': 1, 'engine': 1, 'developed': 1, 'slight': 1, 'misfirestill': 1, 'runs': 2, 'but': 1, 'smokeycar': 1, 'will': 1, 'sold': 1, 'spare': 1, 'repaircar': 1, 'starts': 1, 'for': 1, 'loading': 1, 'purposeprice': 1, 'u00a31100': 1, 'onothanks': 1}","Blackpool, England",2010,0,8.07E+14,NScam
https://www.facebook.com/marketplace/item/,-,1.00E+00,"{'Happy': 1, 'consider': 1, 'reasonable': 1, 'offers': 1, 'Argos': 1, 'cabin': 1, 'bed': 2, 'good': 2, 'condition': 1, 'with': 1, 'some': 1, 'wear': 1, 'but': 1, 'still': 1, 'sturdy': 1, 'Brilliant': 1, 'for': 3, 'storage': 1, 'Will': 1, 'dismantle': 1, 'much': 1, 'can': 1, 'collection': 1, 'Contact': 1, 'any': 1, 'further': 1, 'information': 1}","Manchester, England",2012,3,1.58E+15,NScam
https://www.facebook.com/marketplace/item/,-,1.00E+00,"{'Any': 1, 'reasonable': 1, 'offers': 1, 'around': 1, 'u00a320': 1}","Colne, England",2010,2,1.58E+15,NScam
https://www.facebook.com/marketplace/item/,-,1.00E+00,"{'Stompa': 1, 'Barker': 1, 'and': 3, 'Stonehouse': 1, 'childrenu2019s': 1, 'mid': 1, 'rise': 1, 'white': 1, 'wooden': 1, 'cabin': 1, 'bed': 3, 'with': 2, 'desk': 1, 'shelf': 1, 'unit': 1, 'L209cm': 1, 'H120cm': 1, '127cm': 1, 'Good': 1, 'condition': 1, 'some': 1, 'wear': 1, 'paintwork': 1, 'steps': 1, 'see': 1, 'photo': 1, 'but': 1, 'solid': 1, 'sturdy': 1, 'good': 1, 'quality': 1, 'Bed': 1, 'now': 1, 'dismantled': 1, 'make': 1, 'way': 1, 'for': 2, 'new': 1, 'ready': 1, 'all': 1, 'attachments': 1, 'immediate': 1, 'collection': 1}","York, England",2012,7,1.58E+15,NScam
https://www.facebook.com/marketplace/item/,-,1.00E+00,"{'Razer': 1, 'chroma': 1, 'button': 1, 'rgb': 1, 'gaming': 1, 'mouse': 1}","Heckmondwike, England",2009,3,1.67E+15,NScam
https://www.facebook.com/marketplace/item/,-,1.00E+00,"{'Barely': 1, 'used': 1, 'perfect': 1, 'mouse': 1, 'for': 1, 'gaming': 1, 'Surface': 1, 'tuning': 2, 'calibration': 1, 'Weight': 1, 'and': 1, 'balance': 1, 'programmable': 1, 'buttons': 1, '12000': 1, 'DPI': 2, 'onthefly': 1, 'settings': 1, 'Improved': 1, 'dualmode': 1, 'hyper': 1, 'fast': 1, 'scroll': 1, 'wheel': 1}","Kenilworth, England",2010,3,1.79E+15,NScam
https://www.facebook.com/marketplace/item/,-,1.00E+00,"{'Daughter': 1, 'got': 1, 'few': 1, 'years': 1, 'ago': 1, 'but': 2, 'not': 1, 'really': 1, 'used': 1, 'Just': 1, 'bolt': 1, 'missing': 1, 'from': 1, 'stand': 1, 'which': 1, 'connects': 1, 'keyboard': 1, 'doesnt': 1, 'effect': 1, 'use': 1, 'Pick': 1, 'only': 1, 'wf3': 1}","Wakefield, England",2008,1,1.79E+15,NScam
https://www.facebook.com/marketplace/item/,-,1.00E+00,"{'Great': 1, 'mechanical': 1, 'keyboard': 1, 'mouse': 1, 'set': 1, 'Mouse': 1, 'glows': 1, 'nice': 1, 'rgb': 1, 'colours': 1, 'same': 1, 'keyboard!': 1, 'Good': 1, 'for': 2, 'someone': 1, 'starting': 1, 'out': 1, 'gamer': 1, 'does': 1, 'lot': 1, 'writing': 1, 'Only': 1, 'reason': 1, 'getting': 1, 'rid': 1, 'cos': 1, 'got': 1, 'new': 1, 'one': 1, 'gift': 1, 'while': 1, 'back': 1, 'Can': 1, 'deliver': 1, 'diesel': 1, 'costs!': 1}","Preston, England",2010,2,1.79E+15,NScam
https://www.facebook.com/marketplace/item/,-,1.00E+00,"{'All': 1, 'good': 1, 'working': 1, 'order': 1}","Elgin, Scotland",2008,6,1.79E+15,NScam
https://www.facebook.com/marketplace/item/,-,1.00E+00,"{'Brand': 1, 'new': 1, 'Razer': 1, 'Wireless': 1, 'mouse': 1, 'Used': 1, 'only': 1, 'for': 1, 'few': 1, 'days': 1, 'Excellent': 1, 'condition': 1, 'Optical': 2, 'switches': 1, 'focus': 1, 'plus': 1, 'sensor': 1, 'with': 1, 'speedflex': 1, 'cable': 1, 'Integrated': 1, 'memory': 1}","Colchester, England",2008,5,6.87E+14,NScam
https://www.facebook.com/marketplace/item/,-,1.00E+00,"{'Keyboard': 1, 'with': 1, 'instruction': 1, 'booklet': 1, 'Stand': 1, 'and': 1, 'power': 1, 'adapter': 1}","Doncaster, England",2007,3,6.77E+14,NScam
https://www.facebook.com/marketplace/item/,-,1.00E+00,"{'Has': 1, 'small': 1, 'crack': 1, 'front': 1, 'screen': 2, 'phantom': 1, 'black': 1, 'inner': 1, 'fine': 1}","Sandhurst, England",2013,1,1.56E+15,NScam
https://www.facebook.com/marketplace/item/,-,1.00E+00,"{'Mint': 1, 'condition': 1, 'Boxed': 1, 'with': 1, 'the': 4, 'original': 1, 'charger': 1, 'Main': 1, 'specs': 1, 'are': 2, 'last': 1, 'photo': 1, 'lower': 1, 'offers': 2, 'whatsoever': 1, 'its': 2, 'listed': 1, 'best': 1, 'and': 3, 'final': 1, 'price!': 1, 'purchased': 1, 'this': 1, 'November': 1, '2022': 1, 'still': 1, 'has': 1, 'most': 1, 'manufacturers': 1, 'warranty': 1, 'remaining': 1, 'Amazon': 1, 'invoice': 2, 'will': 2, 'included': 1, 'can': 1, 'post': 1, 'within': 1, 'using': 1, 'Royal': 1, 'Mail': 1, 'Special': 1, 'Delivery': 1, '1pm': 1, 'for': 1, 'u00a310': 1, 'Payment': 1, 'bank': 1, 'transfer': 1, 'Also': 1, 'happy': 1, 'send': 1, 'PayPal': 1, 'which': 1, 'seller': 1, 'buyer': 1, 'protection': 1, 'but': 1, 'some': 1, 'fees': 1, 'involved': 1, 'cost': 1, 'little': 1, 'extra': 1, 'Cheers!': 1, 'ud83dudc4dud83cudffb': 1, 'Tyler': 1}","Stoke-on-Trent, England",2015,3,1.79E+15,NScam
https://www.facebook.com/marketplace/item/,-,1.00E+00,"{'Smartlid': 1, 'multi': 1, 'cooker': 1, 'with': 1, 'instructions': 1, 'and': 1, 'David': 1, 'Small': 1, 'Ninja': 1, 'cookbook': 1}","Leeds, England",2009,3,1.57E+15,NScam
https://www.facebook.com/marketplace/item/,-,1.00E+00,"{'unboxed': 1, 'none': 1, 'damaged': 1, 'novelty': 1, 'Donald': 1, 'Trump': 1, 'pen': 2, 'holder': 1, 'and': 1, 'Iu2019ll': 1, 'let': 1, 'your': 1, 'imagination': 1, 'wander': 1, 'where': 1, 'the': 1, 'goes?': 1}","Romford, England",2007,0,8.95E+14,NScam
https://www.facebook.com/marketplace/item/,-,1.00E+00,{},"Pudsey, England",2015,2,1.79E+15,NScam
https://www.facebook.com/marketplace/item/,-,1.00E+00,"{'Lego': 1, 'Technic': 1, 'Ferrari': 1, 'Daytona': 1, 'SP3ud83dudd34The': 1, 'Sense': 1, 'Perfectionud83cudfc1Unlimited': 1, 'Edition': 1, 'Bookud83cudfce': 1, 'Brand': 1, 'New': 1, 'And': 1, 'Sealed': 1, 'Hand': 1, 'Ready': 1}","Crawley, England",2019,3,6.14E+14,NScam
https://www.facebook.com/marketplace/item/,-,1.00E+00,"{'iBurswood': 1, '100': 2, 'Timbers': 1, 'Rhythms': 1, 'and': 2, 'demo': 1, 'songs': 1, 'foldable': 1, 'stand': 1, 'view': 1, 'buy': 1, 'the': 1, 'item': 1, 'ONLY': 1, 'person': 1, 'house': 1}","Penrith, England",2009,3,6.77E+14,NScam
https://www.facebook.com/marketplace/item/,-,1.00E+00,"{'airbag': 1, 'and': 1, 'steering': 1, 'wheel': 1, 'removed': 1, 'from': 1, 'low': 1, 'mileage': 1, 'caddy': 1, 'van': 1, 'Great': 1, 'condition': 1}","Ballynahinch, Northern Ireland",2008,2,7.58E+14,NScam
https://www.facebook.com/marketplace/item/,-,1.00E+00,"{'Huge': 1, 'oak': 2, 'barrel': 1, '500L': 1, 'whiskey': 1, 'barrels': 1, 'These': 1, 'are': 1, 'huge': 1, 'there': 2, 'not': 1, 'the': 1, 'little': 1, 'ones': 1, 'weu2019re': 1, 'you': 1, 'canu2019t': 1, 'dunk': 1, 'your': 1, 'head': 1, 'under': 1, 'much': 1, 'room': 1, 'these': 1, 'They': 1, 'come': 1, 'with': 1, 'new': 1, 'tap': 1, 'and': 2, 'lid': 1, 'fitted': 1, 'Iu2019ve': 1, 'been': 1, 'using': 1, 'mine': 1, 'every': 1, 'day': 1, 'Follow': 1, 'Facebook': 1, 'tik': 1, 'tok': 1, 'instagram': 1, 'post': 1, 'daily': 1, 'Valleys': 1, 'reclamation': 1, 'ltd': 1, 'Absolutely': 1, 'amazing': 1, 'experience': 1, 'getting': 1, 'them': 1, 'u00a3160': 1, 'each': 1, 'Loads': 1, 'available': 2, 'Collection': 1, 'from': 1, 'Blackwood': 1, 'Delivery': 1}","Newport, Wales",2021,8,8.95E+14,NScam
https://www.facebook.com/marketplace/item/,-,1.00E+00,"{'Only': 1, 'used': 1, 'once': 1}","Newcastle upon Tyne, England",2021,2,1.67E+15,NScam
https://www.facebook.com/marketplace/item/,-,1.00E+00,"{'You': 1, 'will': 2, 'receive': 1, 'Companion': 1, 'app': 1, 'Psn': 2, 'Login': 1, 'comes': 1, 'with': 1, 'fifa': 1, 'ultimate': 1, 'edition': 1, 'for': 1, 'Ps45': 1, 'Any': 1, 'questions': 1, 'message': 1, 'and': 1, 'reasonable': 1, 'offers': 1, 'accepted': 1}","Leeds, England",2016,4,6.87E+14,NScam
https://www.facebook.com/marketplace/item/,-,1.00E+00,"{'Ceiling': 1, 'light': 1, 'Could': 1, 'with': 1, 'refurb': 1, 'but': 1, 'was': 1, 'full': 1, 'working': 1, 'order': 1, 'time': 1, 'removal': 1}","Belfast, Northern Ireland",2008,1,1.57E+15,NScam
https://www.facebook.com/marketplace/item/,-,1.00E+00,"{'Ford': 1, 'transit': 1, 'for': 1, 'sale': 1, 'only': 1, 'done': 1, '130000': 1, 'Comes': 1, 'With': 1, 'roof': 1, 'rack': 1, 'and': 1, 'tool': 1, 'racking': 1}","Newcastle upon Tyne, England",2021,0,8.07E+14,NScam
https://www.facebook.com/marketplace/item/,-,1.00E+00,"{'ud83cudf45': 1, 'Collection': 1, 'Flitwickud83dudccd': 1}","Bedford, England",2016,5,8.00E+14,NScam
https://www.facebook.com/marketplace/item/,-,1.00E+00,"{'rare': 1, 'opportunity': 1, 'purchase': 1, 'appreciating': 1, 'classic': 1, 'Triumph': 1, 'TR6': 1, 'which': 1, 'has': 1, 'been': 1, 'meticulously': 1, 'refurbished': 1, 'very': 1, 'high': 1, 'standard': 1, 'over': 1, 'number': 1, 'years': 1, 'Serious': 1, 'enquirys': 1, 'only': 1, 'please': 1, 'this': 1, 'vehicle': 1}","Belfast, Northern Ireland",2008,10,1.83E+15,NScam
https://www.facebook.com/marketplace/item/,-,1.00E+00,"{'Collectors': 2, 'edition': 2, 'Assassins': 1, 'Creed': 1, 'Syndicate': 1, 'Opened': 1, 'only': 1, 'play': 1, 'game': 2, 'items': 1, 'never': 1, 'displayed': 1, 'addition': 1, 'the': 2, 'Special': 1, 'Edition': 1, 'PS4': 1, 'collectors': 2, 'contains': 1, '30cm': 1, 'Jacob': 1, 'Figurine': 1, 'Exclusive': 3, 'box': 1, 'Doublesided': 1, 'card': 1, 'London': 1, 'Artbook': 1, 'concept': 1, 'art': 1, 'FuturPack': 1, 'flask': 1, 'Free': 1, 'Delivery': 1}","Clevedon, England",2009,5,6.87E+14,NScam
https://www.facebook.com/marketplace/item/,-,1.00E+00,"{'Excellent': 1, 'condition': 1, 'boxed': 1, 'aged': 1, 'years': 1, 'Has': 1, 'blade': 2, 'lock': 1, 'and': 1, 'release': 1, 'adjustable': 1, 'strap': 1, 'spring': 1, 'loaded': 1, 'retractable': 1}","Colwyn Bay, Wales",2009,4,8.95E+14,NScam
https://www.facebook.com/marketplace/item/,-,1.00E+00,"{'Sealed': 1, 'limited': 1, 'edition': 1, 'steel': 1, 'book': 1, 'crisis': 1, 'core': 1, 'for': 1, 'Nintendo': 1, 'switch': 1}","London, England",2010,3,6.87E+14,NScam
https://www.facebook.com/marketplace/item/,-,1.00E+00,"{'Full': 2, 'Size': 1, 'Dalek': 2, 'This': 2, 'was': 1, 'going': 1, 'project': 1, 'but': 1, 'have': 1, 'time': 1, 'Needs': 1, 'spray': 1, 'quick': 1, 'lick': 1, 'paint': 1, 'bring': 1, 'back': 1, 'full': 1, 'glory': 1, 'size': 1, 'wheels': 1, 'one': 1, 'off': 1, 'great': 1, 'conversation': 1, 'piece': 2, 'office': 1, 'centre': 1, 'man': 1, 'cave': 1, 'collectable': 1, 'sealed': 1, 'unit': 1, 'you': 1, 'cant': 1, 'fit': 1, 'inside': 1, 'RRP': 1, 'u00a32k': 1, 'Quick': 1, 'sale': 1, 'pick': 1, 'only': 1, 'from': 1, 'Lincoln': 1, 'Courier': 1, 'available': 2, 'circa': 1, 'u00a360': 1, 'Shiplycom': 1, 'u00a3950': 1, 'Offers': 1, 'u00a3250': 1, 'deposit': 1, 'hold': 1, 'Timewasters': 1, 'its': 2, 'listed': 2, 'still': 1, 'Advert': 1, '5pm': 1, 'March': 1}","Lincoln, England",2010,6,3.94E+14,NScam
https://www.facebook.com/marketplace/item/,-,1.00E+00,"{'INBOX': 1, 'FOR': 1, 'PRICE': 1, 'THEY': 1, 'VARY': 1, 'Pictured': 1, 'items': 2, 'are': 1, 'all': 4, 'ready': 3, 'others': 1, 'will': 2, 'follow': 1, 'Lots': 1, 'veg': 2, 'plants': 2, 'PACKS': 1, 'Garlic': 1, 'chillies': 1, 'cucumbers': 1, 'tomatoes': 1, 'Broad': 1, 'beans': 1, 'individual': 1, 'potted': 1, 'please': 1, 'inbox': 1, 'for': 2, 'details': 1, 'have': 1, 'through': 1, 'the': 1, 'season': 1, 'till': 2, 'October': 1, 'ideal': 1, 'potting': 1, 'can': 1, 'put': 1, 'cold': 1, 'frame': 1, 'glasshouse': 1, 'your': 1, 'plant': 2, 'Plant': 1, 'passport': 1, 'number': 1, 'provided': 1, 'with': 2, 'line': 1, 'health': 1, 'rules': 1, 'and': 3, 'regulations': 1, 'Collect': 1, 'langold': 1, 'johnsplantscom': 1, 'Tuesday': 1, 'Wednesday': 1, 'Friday': 1, 'Retford': 1, 'Market': 1, 'Thursday': 1, 'Saturday': 1}","Worksop, England",2013,10,8.00E+14,NScam
https://www.facebook.com/marketplace/item/,-,1.00E+00,"{'Full': 1, 'size': 1, 'Dalek': 1, 'from': 1, 'Genesis': 1, 'the': 1, 'Daleks': 1, 'Made': 1, 'this': 1}","Halesowen, England",2008,8,6.14E+14,NScam
https://www.facebook.com/marketplace/item/,-,1.00E+00,"{'Selling': 1, 'almost': 1, 'pristine': 1, 'HUAWEI': 1, 'P40': 1, 'Pro': 1, 'Model': 1, 'ELSNX9': 1, 'Colour': 1, 'Black': 1, 'Storage': 1, '256GB': 1, 'RAM': 1, '8GB': 1, 'Rear': 2, 'Camera': 3, 'Fantastic': 1, 'phone': 2, 'with': 3, 'phenomenal': 1, 'camera': 1, 'Ultra': 1, 'Vision': 1, 'Video': 1, 'recording': 2, 'Support': 1, 'for': 1, '4K3840': 1, '2160': 1, 'pixels': 1, '60fps': 1, 'video': 1, 'Screen': 1, 'and': 4, 'back': 1, 'are': 3, 'near': 1, 'perfect': 1, 'condition': 1, 'Few': 1, 'light': 1, 'wear': 1, 'tear': 1, 'scratches': 1, 'that': 1, 'invisible': 2, 'when': 1, 'screen': 1, 'lit': 1, 'There': 1, 'some': 2, 'slight': 1, 'damage': 1, 'the': 2, 'corners': 1, 'but': 1, 'not': 3, 'very': 1, 'noticeable': 1, 'day': 2, 'use': 1, 'case': 1, 'have': 1, 'included': 1, 'this': 1, 'pictures': 1, 'PLEASE': 1, 'NOTE': 1, 'This': 1, 'does': 1, 'support': 1, 'Google': 1, 'Mobile': 1, 'Services': 1, 'you': 2, 'can': 1, 'find': 1, 'workarounds': 1, 'willing': 1, 'jump': 1, 'through': 1, 'hoops': 1, 'tinker': 1, 'around': 1, 'Collection': 1, 'Only': 1, 'will': 1, 'post': 1, 'Any': 1, 'questions': 1, 'please': 1, 'ask': 1, 'away': 1}","Falkirk, Scotland",2011,10,1.56E+15,NScam
https://www.facebook.com/marketplace/item/,-,1.00E+00,"{'Sadly': 1, 'Ulf': 1, 'Wolfvargy': 1, 'must': 1, 'find': 1, 'new': 1, 'home': 1, 'protect': 1, 'This': 1, 'unique': 1, 'lifesize': 1, 'chainsaw': 1, 'carving': 2, 'Warhammer': 1, '40K': 2, 'space': 1, 'marine': 1, 'imposing': 1, 'addition': 1, 'any': 1, 'fans': 1, 'collection': 2, 'and': 3, 'garden!': 1, 'The': 1, 'buyer': 1, 'will': 1, 'need': 1, 'organise': 1, 'the': 2, 'weighs': 1, 'over': 1, 'ton': 1, 'suitable': 1, 'flatbed': 1, 'crane': 1, 'would': 1, 'needed': 1}","March, England",2009,4,8.00E+14,NScam
https://www.facebook.com/marketplace/item/,-,1.00E+00,"{'Compact': 1, 'design': 1, 'jet': 1, 'wash': 1, 'good': 1, 'working': 1, 'order': 1, 'with': 1, 'adjustable': 1, 'pressure': 1, 'Collection': 1, 'from': 1, 'Rochdale': 1}","Rochdale, England",2021,4,8.00E+14,NScam
https://www.facebook.com/marketplace/item/,-,1.00E+00,"{'Job': 1, 'Lot': 1, '25boxes': 1, 'for': 2, 'u00a3250': 1, 'u00a310eachof': 1, 'high': 1, 'quality': 1, 'Meters': 1, 'LED': 1, 'Music': 1, 'and': 1, 'app': 1, 'controlled': 1, 'strip': 1, 'lights': 1, 'brand': 1, 'new': 1, 'boxed': 1, 'sealed': 1, 'ready': 1, 'sale': 1, 'RRP': 1, 'u00a32299': 1, 'Can': 1, 'posted': 1, 'anywhere': 1}","Royston, England",2010,7,1.57E+15,NScam
https://www.facebook.com/marketplace/item/,-,1.00E+00,"{'This': 1, 'has': 1, 'been': 1, 'sat': 1, 'collection': 1, 'since': 1, 'release': 1, 'selling': 1, 'downgrading': 1, 'space': 1, 'Serious': 1, 'buyers': 1, 'welcome': 1, 'offer': 1, 'Prefer': 1, 'cash': 1, 'collection!ud83dude42': 1}","Chippenham, England",2019,5,6.87E+14,NScam
https://www.facebook.com/marketplace/item/,-,1.00E+00,"{'Full': 1, 'metal': 1, 'custom': 1, 'stainless': 1, 'Mando': 1, 'helmet': 1, 'perfect': 1, 'for': 1, 'play': 1, 'looks': 2, 'great': 1, 'display': 2, 'and': 1, 'really': 1, 'cool': 1, 'with': 1, 'real': 1, 'steel': 1, 'OPEN': 1, 'OFFERS': 1, 'u263aufe0f': 1, 'Perfect': 1, 'condition': 1, 'never': 1, 'used': 1, 'just': 1, 'kept': 1}","Stoke-on-Trent, England",2010,5,6.06E+14,NScam
https://www.facebook.com/marketplace/item/,-,1.00E+00,"{'Karcher': 3, 'professional': 1, 'hot': 1, 'power': 1, 'washer': 2, 'Always': 1, 'serviced': 1, 'with': 1, 'from': 1, 'new': 2, 'Brand': 1, 'and': 2, 'unused': 1, 'lance': 1, 'hose': 1, 'Single': 1, 'phase': 1, 'plug': 1, 'stupid': 1, 'offers': 1, 'This': 1, 'u00a33000': 1, 'plus': 1, 'new!': 1}","Ballynahinch, Northern Ireland",2008,8,6.79E+14,NScam
https://www.facebook.com/marketplace/item/,-,1.00E+00,"{'397': 1, 'illustrated': 1, 'pages': 1, 'with': 1, 'information': 1, 'about': 1, 'Colt': 1, 'Firearms': 1, 'This': 2, 'wonderful': 1, 'goto': 1, 'reference': 2, 'book': 2, 'ideal': 1, 'for': 2, 'enthusiasts': 1, 'and': 3, 'collectors': 1, 'acknowledged': 1, 'source': 1, 'those': 1, 'the': 2, 'trade': 1, 'good': 2, 'condition': 1, 'has': 1, 'paper': 1, 'cover': 1, 'still': 1, 'intact': 1, 'Collection': 1, 'would': 1, 'preferred': 1, 'this': 1, 'volume': 1, 'heavy': 1, 'post': 1}","Lincoln, England",2011,3,3.94E+14,NScam
https://www.facebook.com/marketplace/item/,-,1.00E+00,"{'The': 1, 'bed': 1, 'good': 1, 'used': 1, 'condition': 1, 'but': 1, 'think': 1, 'needs': 1, 'larger': 1, 'screws': 1, 'keep': 1, 'stable': 1, 'Partly': 1, 'dismantle': 1, 'need': 1, 'big': 1, 'car': 1, 'Van': 1, 'pickup': 1, 'Pick': 1, 'from': 1, 'Whitburn': 1}","Bathgate, Scotland",2010,6,1.58E+15,NScam
https://www.facebook.com/marketplace/item/,-,1.00E+00,"{'Audi': 1, '2010': 1, '105000': 1, 'mileage': 1, 'diesel': 1, 'engine': 1, 'Automatic': 1, 'gearbox': 1, 'Fresh': 1, 'mot': 1, 'Parking': 1, 'sensors': 1, 'Heated': 1, 'seats': 1, 'Sat': 1, 'nav': 1, 'Bluetooth': 1, 'Shift': 1, 'paddle': 1, 'Cruise': 1, 'control': 1, 'Drive': 1, 'nice!!!': 1}","Leighton Buzzard, England",2010,0,8.07E+14,NScam
https://www.facebook.com/marketplace/item/,-,1.00E+00,"{'This': 1, 'the': 2, 'secret': 1, 'lab': 1, 'prime': 1, 'leather': 2, 'gaming': 1, 'chair': 1, 'RRP': 1, 'u00a3449': 1, 'rarely': 1, 'used': 1, 'still': 1, 'excellent': 1, 'build': 1, 'condition': 1, 'few': 1, 'minor': 1, 'aesthetic': 1, 'issues': 1, 'that': 1, 'would': 1, 'easily': 1, 'hidden': 1, 'with': 2, 'right': 1, 'polish': 1, 'These': 1, 'were': 1, 'caused': 1, 'crazy': 1, 'kitten': 1, 'during': 1, 'their': 1, 'zoomies': 1, 'comes': 1, 'lumbar': 1, 'support': 1, 'and': 1, 'neck': 1, 'pillow': 1}","Glenrothes, Scotland",2009,6,6.87E+14,NScam
https://www.facebook.com/marketplace/item/,-,1.00E+00,"{'Mercedes': 1, 'clk': 1, '2008': 1, '106000': 1, 'mileage': 1, 'diesel': 1, 'Automatic': 1, 'gearbox': 1, 'Had': 2, 'some': 1, 'marks': 1, 'ouside': 1, 'Drive': 1, 'great': 1, 'new': 1, 'springs': 1, 'and': 1, 'almost': 1, 'all': 1, 'parts': 1, 'changed': 1, 'front': 1, 'side': 1, 'Good': 1, 'michelin': 1, 'tyres': 1}","Dunstable, England",2010,0,8.07E+14,NScam
https://www.facebook.com/marketplace/item/,-,1.00E+00,"{'This': 1, 'Philips': 2, 'Hue': 1, 'Bridge': 2, 'with': 2, 'power': 1, 'adapter': 1, 'and': 2, 'Livarnolux': 1, 'white': 3, 'ambience': 1, 'bulbs': 3, 'The': 2, 'have': 1, 'temp': 1, 'range': 1, 'from': 3, 'cool': 1, 'warm': 1, 'They': 1, 'pair': 1, 'perfectly': 1, 'the': 2, 'can': 1, 'all': 2, 'controlled': 1, 'hue': 2, 'app': 2, 'essentials': 1, 'Both': 1, 'apps': 1, 'work': 1, 'great!': 1, 'are': 1, 'eddison': 1, 'e27': 1, 'screw': 1, 'fitting': 2, 'Ill': 1, 'include': 1, 'adapters': 1, 'convert': 1, 'them': 1, 'bayonet': 1, 'needed': 1, 'Can': 1, 'post': 1, 'this': 2, 'bundle': 1, 'for': 1, 'u00a36': 1, 'collection': 1, 'welcome': 1, 'Warrington': 1, 'WA5': 1, 'Any': 1, 'questions': 1, 'about': 1, 'any': 1, 'kit': 1, 'please': 1, 'ask!': 1}","Warrington, England",2012,3,1.57E+15,NScam
https://www.facebook.com/marketplace/item/,-,1.00E+00,{},"Croydon, England",2016,0,8.07E+14,NScam
https://www.facebook.com/marketplace/item/,-,1.00E+00,{},"Blackpool, England",2021,2,1.67E+15,NScam
https://www.facebook.com/marketplace/item/,-,1.00E+00,"{'questions': 2, 'available': 2, 'itu2019s': 2, 'there': 1, 'still': 1, 'price': 1, 'and': 1, 'dont': 2, 'ask': 1, 'whats': 1, 'wrong': 1, 'with': 1, 'know': 1}","Banstead, England",2009,10,6.79E+14,NScam
https://www.facebook.com/marketplace/item/,-,1.00E+00,"{'Cold': 1, 'drinks': 1, 'vending': 1, 'machine': 1, 'Cans': 1, 'bottles': 1, 'Full': 1, 'working': 1, 'order': 1, 'can': 1, 'test': 1, 'collection': 1, 'for': 1, 'further': 1, 'details': 1}","Sittingbourne, England",2011,3,6.79E+14,NScam
https://www.facebook.com/marketplace/item/,-,1.00E+00,"{'Rogue': 1, 'One': 1, 'TIE': 1, 'Helmet': 2, 'Jinta': 1, 'Props': 1, 'ABS': 1, 'vac': 1, 'formed': 1, 'helmet': 1, 'has': 2, 'some': 3, 'minor': 1, 'scratches': 1, 'and': 3, 'flaw': 1, 'the': 6, 'vocoder': 1, 'section': 1, 'This': 1, 'can': 2, 'easily': 1, 'fixed': 1, 'with': 1, 'little': 1, 'bit': 1, 'paint': 1, 'polishing': 1, 'fluid': 1, 'but': 2, 'dont': 1, 'really': 1, 'have': 1, 'time': 1, 'for': 2, 'The': 1, 'maker': 1, 'also': 1, 'reinforced': 1, 'interior': 1, 'that': 1, 'there': 1, 'wobbling': 1, 'face': 1, 'plate': 1, 'very': 1, 'sturdy': 1, 'Photos': 1, 'should': 1, 'show': 1, 'condition': 1, 'you': 2, 'need': 1, 'additional': 1, 'photos': 1, 'happy': 1, 'take': 1, 'you!': 1, 'Price': 1, 'includes': 1, 'shipping': 2, 'bring': 1, 'Celebration': 1, 'want': 1, 'shipped': 1, 'internationally': 1, 'extra': 1}","Newcastle upon Tyne, England",2014,5,1.38E+15,NScam
https://www.facebook.com/marketplace/item/,-,1.00E+00,"{'Engine': 1, 'knocking': 1, 'needs': 2, 'replacing': 1, 'One': 1, 'tyre': 1, 'pumping': 1, 'Short': 1, 'mot': 1, 'till': 1, 'April': 1, '100k': 1, 'miles': 1, 'Spares': 1, 'repairs': 1, 'sold': 1, 'seen': 1, 'Collection': 1, 'Swansea': 1, 'offers': 1}","Swansea, Wales",2015,0,8.07E+14,NScam
https://www.facebook.com/marketplace/item/,-,1.00E+00,"{'display': 1, 'helmet': 1, 'only': 1}","Erskine, Scotland",2009,7,6.87E+14,NScam
https://www.facebook.com/marketplace/item/,-,1.00E+00,"{'Mercedes': 1, 'ACLASS': 1, 'DIESAL': 1, 'saloon': 1, 'extremely': 1, 'seamless': 1, 'drive': 1, 'with': 3, 'perfect': 2, 'interior': 1, 'and': 2, 'exterior': 1, 'kept': 1, 'condition': 1, 'Regularly': 1, 'serviced': 1, 'most': 1, 'recent': 1, 'service': 1, 'was': 1, 'June': 1, 'brand': 3, 'new': 3, 'oil': 1, 'fuel': 2, 'air': 1, 'pollen': 1, 'filter': 1, 'replaced': 1, 'key': 1, 'fob': 1, 'battery': 1, 'premium': 1, 'tyres': 1, 'fitted': 2, 'front': 1, 'discspads': 1, 'renewed': 1, 'The': 1, 'car': 1, 'also': 1, 'comes': 1, 'dashcam': 1, 'useful': 1, 'for': 1, 'insurance': 1, 'purposes': 1, 'litre': 1, 'engine': 1, 'very': 1, 'efficient': 1, 'Comes': 1}","Darlington, England",2015,0,8.07E+14,NScam
https://www.facebook.com/marketplace/item/,-,1.00E+00,"{'Hasbro': 1, 'Boba': 1, 'Fett': 1, 'Helmet': 1}","Colchester, England",2009,4,8.95E+14,NScam
https://www.facebook.com/marketplace/item/,-,1.00E+00,"{'have': 2, 'multi': 1, 'gym': 1, 'for': 2, 'Sale': 1, 'which': 1, 'has': 2, 'not': 1, 'had': 1, 'much': 1, 'use': 1, 'always': 1, 'been': 1, 'indoors': 1, 'and': 3, 'are': 1, 'pet': 1, 'free': 1, 'house': 1, 'Everything': 1, 'working': 1, 'you': 3, 'may': 2, 'come': 1, 'around': 1, 'try': 1, 'before': 1, 'buy': 1, 'live': 1, 'Dudley': 1, 'You': 1, 'will': 1, 'dismantle': 1, 'yourself': 1, 'due': 1, 'health': 1, 'conditions': 1, 'can': 1, 'deliver': 1, 'u00a32': 1, 'per': 1, 'mile': 1, 'van': 1, 'collect': 1}","Dudley, England",2018,1,1.38E+15,NScam
https://www.facebook.com/marketplace/item/,-,1.00E+00,"{'This': 1, 'helmet': 1, 'has': 3, 'never': 1, 'been': 3, 'used': 1, 'storage': 1, 'for': 1, 'year': 1, 'very': 1, 'slight': 1, 'mark': 1, 'the': 1, 'left': 1, 'side': 1, 'which': 1, 'barely': 1, 'visible': 1, 'comes': 1, 'with': 1, 'clear': 1, 'visor': 1, 'and': 1, 'box': 1, 'showing': 1, 'still': 1, 'available': 1, 'not': 1, 'sold': 1, 'ud83dudc4d': 1}","High Wycombe, England",2008,5,9.31E+14,NScam
https://www.facebook.com/marketplace/item/,-,1.00E+00,"{'Brand': 1, 'new': 1, 'hand': 1, '200': 1, 'each': 1, 'uk10': 1, 'sold': 1}","West Bromwich, England",2012,8,9.31E+14,NScam
https://www.facebook.com/marketplace/item/,-,1.00E+00,"{'never': 1, 'worn': 1, 'bought': 1, 'but': 1, 'didnu2019t': 1, 'fit': 2, 'mesize': 1, 'lovely': 1, 'dress': 1, 'size': 1, 'could': 1}","Haddington, Scotland",2013,1,1.27E+15,NScam
https://www.facebook.com/marketplace/item/,-,1.00E+00,"{'Only': 1, 'used': 1, 'handful': 1, 'times': 1, 'marks': 1, 'and': 1, 'perfect': 1, 'working': 1, 'condition': 1, 'Collection': 1, 'only': 1}","West Malling, England",2009,7,6.79E+14,NScam
https://www.facebook.com/marketplace/item/,-,1.00E+00,"{'Collection': 1, 'Immingham': 1}","Grimsby, England",2008,1,1.55E+15,NScam
https://www.facebook.com/marketplace/item/,-,1.00E+00,"{'Our': 1, 'English': 1, 'Bulldog': 1, 'used': 1, 'this': 1, 'cage': 1, 'for': 1, 'only': 1, 'few': 1, 'months': 1, 'Great': 1, 'condition': 1, 'Collection': 1, 'Milnthorpe': 1, 'Paid': 1, 'u00a370': 1, 'Asking': 1, 'u00a350': 1, 'Reduced': 1, 'u00a340': 1, 'ud83dudc3e': 1, 'Description': 1, 'Cozy': 1, 'Pets': 1, 'Car': 1, 'Dog': 1, 'Cage': 1, 'New': 1, '2020': 1, 'Model': 1, 'ACDC09': 1, 'Detailed': 1, 'Specification': 1, 'Size': 1, 'Base': 2, '61cm': 1, '705cm': 1, 'Height': 1, '655cm': 1, 'Imperial': 1}","Milnthorpe, England",2007,4,1.55E+15,NScam
https://www.facebook.com/marketplace/item/,-,1.00E+00,"{'Scotforth': 1, 'Lancaster': 1}","Lancaster, England",2009,1,1.55E+15,NScam
https://www.facebook.com/marketplace/item/,-,1.00E+00,"{'Ostia': 2, 'Tools': 2, 'are': 1, 'proud': 1, 'able': 1, 'offer': 1, 'for': 4, 'sale': 1, 'this': 2, 'Boxford': 1, 'HSPi': 1, 'CNC': 1, 'Plasma': 1, 'Cutter': 1, 'Excellent': 1, 'condition': 1, 'throughout': 1, 'Supplied': 2, 'new': 1, '2015': 1, 'and': 4, 'has': 1, 'done': 1, 'very': 1, 'little': 1, 'work': 1, 'its': 1, 'lifetime': 1, 'supplied': 1, 'complete': 1, 'set': 3, 'including': 1, 'the': 6, 'software': 1, 'However': 1, 'you': 1, 'will': 2, 'need': 1, 'supply': 1, 'your': 1, 'own': 1, 'computer': 1, 'compressed': 1, 'air': 2, 'source': 1, 'comes': 1, 'with': 4, 'all': 2, 'cables': 1, 'hose': 1, 'yellow': 1, 'bolt': 1, 'down': 1, 'brackets': 1, 'shown': 1, 'photos': 1, 'Comes': 1, 'keys': 1, 'cabinets': 1, 'machine': 3, 'selection': 1, 'consumables': 1, 'business': 1, 'end': 1, 'plasma': 1, 'cutter': 1, 'The': 1, 'requires': 1, '16amp': 1, 'phase': 1, 'sockets': 1, 'can': 1, 'provide': 1, 'training': 1, 'support': 1, 'required': 1, 'Delivery': 1, 'require': 1, 'forklift': 1, 'site': 1, 'unloading': 1}","Stockport, England",2007,10,1.67E+15,NScam
https://www.facebook.com/marketplace/item/,-,1.00E+00,"{'Everything': 1, 'good': 1, 'condition': 1}","London, England",2018,3,1.67E+15,NScam
https://www.facebook.com/marketplace/item/,-,1.00E+00,"{'SATIN': 1, 'GREY': 1, 'DEEP': 1, 'BLACK': 1, 'Completed': 1, 'Countertops': 1, 'for': 4, 'great': 1, 'client': 2, 'based': 1, 'Sale': 1, 'Manchester': 1, 'transformed': 1, 'laminate': 1, 'worktop': 2, 'MDF': 1, 'boarded': 1, 'island': 2, 'into': 1, 'brand': 1, 'new': 1, 'modernised': 1, 'area': 1, 'the': 4, 'family': 1, 'enjoy': 1, 'This': 1, 'project': 1, 'was': 1, 'really': 1, 'fun': 1, 'complete': 1, 'now': 1, 'ready': 1, 'add': 1, 'their': 1, 'final': 1, 'touches': 1, 'such': 1, 'paint': 1, 'around': 1, 'and': 1, 'tilessilicone': 1, 'kitchen': 1, 'Drop': 1, 'message': 1, 'free': 1, 'quote!': 1, 'ud83dude0a': 1}","Manchester, England",2017,6,1.57E+15,NScam
https://www.facebook.com/marketplace/item/,-,1.00E+00,"{'Old': 1, 'tool': 1, 'box': 1, 'see': 1, 'photos': 1, 'tools': 1, 'etc': 1, 'and': 1, 'set': 1, 'brake': 1, 'pads': 1, 'not': 1, 'sure': 1, 'what': 1, 'car?': 1, 'See': 1, 'photo': 1, 'for': 1, 'serial': 1, 'numbers': 1}","Chorley, England",2010,7,1.67E+15,NScam
https://www.facebook.com/marketplace/item/,-,1.00E+00,"{'Multi': 1, 'tool': 1, 'with': 1, 'tools': 1, 'Stainless': 1, 'steel': 1, 'Handy': 1, 'for': 1, 'fishing': 1, 'camping': 1, 'Similar': 1, 'Swiss': 1, 'army': 1, 'knife': 1, 'Collection': 1, 'only': 1, 'Blackwood': 1, 'NP120BZ': 1}","Blackwood, Wales",2010,7,1.67E+15,NScam
https://www.facebook.com/marketplace/item/,-,1.00E+00,"{'Huge': 1, 'double': 1, 'storey': 1, 'grey': 1, 'and': 3, 'white': 1, 'play': 2, 'frame': 1, 'Purchased': 1, 'for': 4, 'business': 2, 'but': 1, 'unfortunately': 1, 'due': 1, 'communication': 1, 'issues': 1, 'too': 1, 'large': 1, 'transportation': 1, 'only': 1, 'have': 1, 'small': 1, 'van': 1, 'are': 1, 'selling': 1, 'buy': 1, 'smaller': 1, 'sized': 1, 'one': 1, 'Itu2019s': 1, 'been': 1, 'used': 1, 'event': 1, 'itu2019s': 3, 'perfect': 2, 'condition': 1, 'Comes': 1, 'sections': 1, 'with': 2, 'detachable': 1, 'slide': 1, 'Can': 1, 'changed': 1, 'fit': 1, 'different': 1, 'spaces': 1, 'etc': 1, 'comes': 1, 'the': 5, 'floor': 1, 'matting': 1, 'pictured': 2, 'some': 1, 'bashers': 1, 'not': 1, 'quality': 1, 'amazing': 1, 'has': 1, 'generated': 1, 'huge': 1, 'amount': 1, 'interest': 1, 'know': 1, 'addition': 1, 'any': 1, 'soft': 1, 'inflatable': 1, 'hire': 1, 'paid': 1, 'u00a33000': 1, 'Asking': 1, 'u00a32500': 1, 'Available': 1, 'collection': 1, 'whenever': 1, 'currently': 1, 'kitchen': 1, 'can': 1, 'viewed': 1, 'before': 1, 'transferring': 1, 'money': 1, 'Collection': 1, 'Norfolk': 1, 'based': 1}","King\'s Lynn, England",2010,6,6.25E+14,NScam
https://www.facebook.com/marketplace/item/,-,1.00E+00,"{'ORDER': 1, 'VIA': 1, 'WEBSITE': 1, 'ONLY': 1, 'Watermelon': 1, 'Scented': 1, 'Prime': 1, 'Bath': 1, 'Bomb': 1, 'perfect': 1, 'for': 2, 'the': 1, 'prime': 1, 'lovers': 1, 'out': 1, 'there': 1, 'These': 1, 'wont': 1, 'stick': 1, 'around': 1, 'long': 1, 'order': 1, 'yours': 1, 'now': 1, 'anotherdayanothermeltcouk': 1}","Porth, Wales",2013,2,1.56E+15,NScam
https://www.facebook.com/marketplace/item/,-,1.00E+00,"{'Classic': 1, 'flexible': 1, 'human': 1, 'spine': 1, 'model': 1, 'Scientific': 1, 'Expensive': 1, 'when': 1, 'new': 1, 'Collection': 1, 'from': 1, 'Shaw': 1}","Oldham, England",2007,3,1.56E+15,NScam
https://www.facebook.com/marketplace/item/,-,1.00E+00,"{'Good': 1, 'bath': 1, 'served': 1, 'well': 1, 'Person': 1, 'for': 1, 'size': 1, 'reference': 1, '5u201d8': 1}","York, England",2018,3,1.57E+15,NScam
https://www.facebook.com/marketplace/item/,-,1.00E+00,"{'Loki': 1, 'series': 1, 'prop': 1, 'Brand': 1, 'new': 1}","Ferryhill, England",2008,3,6.14E+14,NScam
https://www.facebook.com/marketplace/item/,-,1.00E+00,"{'Coding': 1, 'wand': 1, 'Like': 1, 'new': 1, 'these': 1, 'are': 1, 'u00a3145': 1, 'brand': 1, 'new!': 1, 'Collection': 1, 'only': 1, 'Nr3': 1}","Norwich, England",2008,4,1.79E+15,NScam
https://www.facebook.com/marketplace/item/,-,1.00E+00,"{'available': 1, 'Working': 1, 'has': 2, 'section': 1, 'with': 2, 'flickering': 2, 'green': 1, 'LEDS': 1, 'turns': 1, 'but': 1, 'issues': 1, 'some': 1, 'the': 1, 'modes': 1, 'All': 1, 'LEDs': 1, 'light': 1, 'Collection': 1, 'only': 1, 'Open': 1, 'offers': 1}","Bristol, England",2012,3,1.79E+15,NScam
https://www.facebook.com/marketplace/item/,-,1.00E+00,"{'Coke': 1, 'can': 1, 'vending': 1, 'machine': 1, 'fully': 1, 'working': 1, 'comes': 1, 'with': 1, 'CF7000': 1, 'coin': 1, 'mech': 1}","Glasgow, Scotland",2009,5,8.95E+14,NScam
https://www.facebook.com/marketplace/item/,-,1.00E+00,"{'Rx7': 1, 'custom': 1, 'wide': 1, 'arch': 1, 'bodykit': 3, 'moulds': 2, 'Great': 1, 'business': 1, 'opportunity': 1, 'This': 1, 'would': 1, 'new': 1, 'the': 2, 'market': 1, 'All': 1, 'included': 1, 'pictured': 1, 'minus': 1, 'side': 1, 'step': 1, 'one': 1, 'but': 1, 'thats': 1, 'easy': 1, 'piece': 1, 'make': 2, 'Just': 1, 'ask': 1, 'for': 1, 'more': 1, 'photos': 1, 'these': 1, 'Tamworth': 1, 'pickup': 1, 'u00a3650': 1, 'firm': 1}","Tamworth, England",2022,10,7.58E+14,NScam
https://www.facebook.com/marketplace/item/,-,1.00E+00,"{'Authentic': 2, 'Queen': 1, 'signed': 2, 'Cheques': 1, 'documents': 1, 'Freddie': 2, 'Mercury': 2, 'Pair': 1, 'cheques': 1, 'one': 1, 'and': 2, 'John': 1, 'Deacon': 1, 'the': 1, 'other': 1, 'Roger': 1, 'Taylor': 1, 'Brian': 1, 'May': 1, 'Comes': 1, 'with': 1, 'Certificate': 1, 'Authenticity': 1, 'from': 1, 'FirstClassMemorabilia': 1}","Glasgow, Scotland",2007,1,3.94E+14,NScam
https://www.facebook.com/marketplace/item/,-,1.00E+00,"{'Aliens': 1, 'Colonial': 1, 'Marines': 1, 'USCM': 1, 'Helmet': 1, 'prop': 1, 'Steel': 1, 'helmet': 1, 'and': 1, 'working': 1, 'sight': 1}","Manchester, England",2023,0,3.94E+14,NScam
https://www.facebook.com/marketplace/item/,-,1.00E+00,"{'This': 2, 'heavy': 1, 'duty': 1, 'dog': 2, 'bed': 3, 'Tuffies': 1, 'are': 1, 'great': 1, 'brand': 1, 'and': 1, 'make': 1, 'amazing': 1, 'beds': 1, 'httpswwwtuffiescoukitem646NestdogbedsandcoversTheDurasoftNestDogBedwithDogDryerCoverhtml': 1, 'size': 2, 'large': 2, 'think': 1, 'but': 2, 'might': 1, 'extra': 1, 'WILL': 1, 'DONATE': 1, 'THE': 1, 'MONEY': 1, 'FROM': 1, 'THIS': 1, 'SALE': 1, 'GALGOSDELSOL': 1, 'DOG': 1, 'CHARITY': 1, 'httpsgalgosdelsolorg': 1, 'The': 2, 'nest': 1, 'good': 1, 'condition': 2, 'has': 2, 'been': 2, 'well': 1, 'loved': 1, 'greyhound': 1, 'removable': 1, 'interior': 1, 'cushion': 1, 'excellent': 1, 'always': 1, 'covered': 1, 'have': 1, 'included': 1, 'photo': 1, 'the': 2, 'show': 1, 'Pick': 1, 'from': 1, 'Boroughbridge': 1}","York, England",2018,6,1.55E+15,NScam
https://www.facebook.com/marketplace/item/,-,1.00E+00,"{'This': 1, 'price': 1, 'includes': 1, 'the': 3, 'following': 1, 'Olympic': 2, 'Plates': 1, '2475kg': 1, 'covering': 1, 'all': 2, 'sizes': 1, 'from': 1, '14kg': 1, '25kg': 1, 'photo': 1, 'plates': 1, 'excluding': 1, 'two': 1, '20s': 1, 'not': 1, 'included': 1, 'Squat': 1, 'rack': 1, 'heavy': 2, 'duty': 2, 'lovely': 1, 'piece': 1, 'equipment': 1, 'Adjustable': 1, 'Bench': 1, 'Barbell': 1, 'Extras': 1, 'such': 1, 'deadlift': 1, 'platform': 1, 'pair': 1, '10kg': 1, 'dumbbells': 1, 'set': 1, 'kettlebells': 1, 'TRX': 1, 'straps': 1, 'aso': 1, 'available': 1, 'add': 1, 'one': 1, 'for': 1, 'extra': 1, 'u00a3200': 1}","Castleford, England",2007,5,1.38E+15,NScam
https://www.facebook.com/marketplace/item/,-,1.00E+00,"{'Size': 1, 'uk6': 1}","London, England",2012,5,9.31E+14,NScam
https://www.facebook.com/marketplace/item/,-,1.00E+00,"{'Small': 1, 'pets': 1, 'carry': 1, 'bag': 1, 'used': 1, 'twice': 1, 'good': 1, 'new': 1, 'u00a315': 1}","Blackburn, England",2009,3,1.55E+15,NScam
https://www.facebook.com/marketplace/item/,-,1.00E+00,"{'Geforce': 1, 'RTX': 1, '3080ti': 1, 'Suprim': 1, 'Perfect': 1, 'conditions': 1, 'working': 1, 'amazing': 1, 'Pick': 1, 'only': 1, 'london': 1, 'aldgate': 1, 'area': 1, 'With': 1, 'box': 1, 'and': 1, 'manual': 1}","London, England",2009,4,1.79E+15,NScam
https://www.facebook.com/marketplace/item/,-,1.00E+00,"{'Brand': 1, 'new': 1, 'with': 1, 'box': 1, 'size': 1, 'Never': 1, 'wear': 1, 'tried': 1, 'Perfect': 1, 'condition': 1}","Oldbury, England",2013,10,9.31E+14,NScam
https://www.facebook.com/marketplace/item/,-,1.00E+00,"{'Great': 1, 'condition': 1, 'size': 1, 'u00a320': 1, 'collection': 1, 'Farnham': 1}","Farnham, England",2014,5,1.27E+15,NScam
https://www.facebook.com/marketplace/item/,-,1.00E+00,"{'Dog': 1, 'crate': 1, 'fabric': 1, 'collapsible': 1, 'material': 1, 'Provided': 1, 'with': 1, 'bag': 1, 'Good': 1, 'condition': 1, 'Just': 1, 'small': 1, 'Hole': 1, 'side': 1, '05cm': 1, 'from': 1, 'tooth': 1}","Lancaster, England",2008,3,1.55E+15,NScam
https://www.facebook.com/marketplace/item/,-,1.00E+00,"{'good': 3, 'condition': 1, 'less': 1, 'than': 1, 'year': 1, 'new': 1, 'quality': 1, 'and': 3, 'fantastic': 1, 'visuals': 1, 'straps': 1, 'the': 1, 'controllers': 1, 'oculus': 2, 'are': 1, 'slightly': 1, 'dirty': 1, 'from': 1, 'use': 1, 'however': 1, 'overall': 1, 'perfect': 1, 'your': 1, 'looking': 1, 'for': 2, 'cheap': 1, 'money': 1, 'value': 1}","Huddersfield, England",2010,2,6.87E+14,NScam
https://www.facebook.com/marketplace/item/,-,1.00E+00,"{'Selling': 1, 'selling': 1, 'parts': 1, 'setup': 1, 'Power': 1, 'supply': 1, 'USB': 1, 'cable': 2, 'pedal': 1, 'with': 1, 'ferrite': 1, 'cores': 1, 'plug': 1, 'adapter': 1, 'torque': 1, 'key': 1, 'and': 1, 'all': 1, 'instructionsstickers': 1, 'box': 1, 'included': 1, 'warranty': 1, 'until': 1, 'April': 1, '2024': 1, 'Bank': 1, 'transfer': 1, 'collection': 1}","Liverpool, England",2010,4,6.87E+14,NScam
https://www.facebook.com/marketplace/item/,-,1.00E+00,"{'High': 1, 'quality': 1, 'hoodies': 1, 'will': 1, 'fit': 1, 'frenchies': 1, 'and': 4, 'similar': 1, 'sizes': 2, 'Welcome': 1, 'bring': 1, 'dog': 3, 'try': 1, 'arrival': 1, 'Keep': 1, 'your': 1, 'warm': 1, 'dry': 1, 'the': 2, 'coolest': 1, 'block': 1, 'More': 1, 'styles': 1, 'wwwdrdoolittlespetscouk': 1}","Blackpool, England",2007,3,1.55E+15,NScam
https://www.facebook.com/marketplace/item/,-,1.00E+00,"{'Worn': 1, 'few': 1, 'times': 1, 'comes': 1, 'with': 1, 'box': 1, 'dust': 1, 'bags': 1, 'and': 1, 'spare': 1, 'laces': 1}","Sunbury on Thames, England",2010,10,9.31E+14,NScam
https://www.facebook.com/marketplace/item/,-,1.00E+00,"{'printed': 2, 'Flipper': 1, 'zero': 1, 'development': 1, 'devboard': 1, 'case': 1, 'standard': 1, 'print': 1, 'quality': 1, 'screws': 1, 'bolts': 1, 'needed': 1, 'give': 1, 'your': 2, 'dev': 1, 'board': 1, 'some': 1, 'style': 1, 'and': 2, 'protection': 1, 'also': 1, 'will': 2, 'custom': 1, 'prints': 1, 'request': 1, 'send': 1, 'what': 1, 'after': 2, 'sort': 1, 'Prints': 1, 'can': 1, 'either': 1, 'black': 2, 'PTEG': 1, 'carbon': 1, 'fibre': 1, 'white': 1, 'silk': 1, 'blackgreyred': 1, 'pla': 1, 'major': 1, 'faults': 1, 'delams': 1, 'all': 1, 'items': 1, 'fitted': 1, 'before': 1, 'sale': 1, 'seller': 1, 'aim': 1, 'ship': 1, 'orders': 1, 'working': 1, 'day': 1, 'placing': 1}","Leicester, England",2019,3,8.95E+14,NScam
https://www.facebook.com/marketplace/item/,-,1.00E+00,"{'available': 1, 'u00a33': 1, 'each': 1, 'both': 1, 'for': 1, 'u00a35': 1, 'Size': 1, 'photos': 1}","Walsall, England",2021,5,1.55E+15,NScam
https://www.facebook.com/marketplace/item/,-,1.00E+00,"{'Bought': 1, 'but': 1, 'wrong': 1, 'size': 1, 'couldnu2019t': 1, 'return': 1, 'store': 1, 'willing': 1, 'accept': 1, 'offers!': 1}","Gloucester, England",2018,5,9.31E+14,NScam
https://www.facebook.com/marketplace/item/,-,1.00E+00,"{'Brand': 1, 'new': 1, 'sealed': 1, 'FiiO': 1, 'BTR5': 1, 'HiFi': 1, 'Bluetooth': 1, 'Amp': 1, '2021': 1, 'Edition': 1, 'Collection': 1, 'from': 1, 'Bd5': 1}","Bradford, England",2021,1,1.79E+15,NScam
https://www.facebook.com/marketplace/item/,-,1.00E+00,"{'1963': 1, 'Vox': 1, 'Ac30': 1, 'Roqsolid': 1, 'cover': 1, 'Had': 1, 'this': 1, 'amp': 1, 'for': 3, 'long': 1, 'time': 1, 'recently': 1, 'had': 1, 'new': 1, 'mullard': 1, 'valves': 1, 'Old': 1, 'age': 1, 'reason': 1, 'sale': 1, 'know': 1, 'the': 1, 'price': 1, 'these': 1, 'are': 1, 'going': 1, 'sensible': 1, 'offers': 1, 'only': 1}","Cardiff, Wales",2008,6,6.77E+14,NScam
https://www.facebook.com/marketplace/item/,-,1.00E+00,{},"London, England",2009,2,1.58E+15,NScam
https://www.facebook.com/marketplace/item/,-,1.00E+00,"{'This': 1, 'steam': 1, 'deck': 1, 'only': 2, 'couple': 1, 'months': 1, 'old': 1, 'and': 4, 'seen': 1, 'hardly': 1, 'any': 1, 'use': 1, 'Its': 1, 'been': 1, 'upgraded': 1, 'with': 2, '1tb': 1, 'western': 1, 'digital': 1, 'sn740': 1, 'nvme': 1, 'drive': 1, 'Theres': 1, 'also': 1, '512gb': 1, 'card': 1, 'that': 1, 'makes': 1, 'storage': 1, 'total': 1, 'comes': 1, 'fitted': 1, 'screen': 1, 'protector': 1, 'crystal': 1, 'case': 3, 'Also': 1, 'included': 2, 'Spigen': 1, 'carry': 2, 'for': 1, 'extra': 1, 'protection': 1, 'sabrent': 1, 'car': 1, 'charger': 1, 'The': 1, 'original': 1, 'packaging': 1, 'well': 1, 'swaps': 1, 'pleaseand': 1, 'OFFERS': 1, 'THIS': 1, 'THE': 1, 'FINAL': 1, 'REDUCTION!!!!': 1, 'cash': 1, 'collection': 1}","Barnsley, England",2007,4,1.79E+15,NScam
https://www.facebook.com/marketplace/item/,-,1.00E+00,"{'Now': 1, 'that': 2, 'longer': 1, 'have': 3, 'Tesla': 2, 'Model': 2, 'need': 1, 'for': 1, 'these': 1, 'accessories': 1, 'acquired': 1, 'the': 1, 'past': 1, 'Set': 2, 'jacking': 1, 'pucks': 1, 'their': 1, 'storage': 2, 'case': 1, 'plus': 2, 'extra': 1, 'puck': 1, 'only': 1, 'has': 1, 'ever': 1, 'been': 1, 'used': 2, 'Pre': 1, 'refresh': 1, 'centre': 2, 'console': 1, 'tray': 1, 'Rubber': 1, 'cup': 1, 'holder': 1, 'insert': 1, 'key': 1, 'fob': 1, 'cover': 1, 'blue': 1, 'never': 1, 'carbon': 1, 'fibre': 1, 'bonnet': 1, 'u201cTu201d': 1, 'badge': 1, 'new': 2, 'wheel': 1, 'caps': 1, 'with': 1, 'red': 1, 'inserts': 1, 'u00a345': 1, 'postage': 1}","Romsey, England",2008,6,7.58E+14,NScam
https://www.facebook.com/marketplace/item/,-,1.00E+00,"{'Perfect': 1, 'working': 1, 'order': 1}","Leeds, England",2009,2,6.77E+14,NScam
https://www.facebook.com/marketplace/item/,-,1.00E+00,"{'Pile': 1, 'denon': 1, 'and': 1, 'numark': 1, 'equipment': 1, 'Sold': 1, 'u00a350': 1, 'Cash': 1, 'collection': 1, 'please': 1, 'Dn159ba': 1}","Scunthorpe, England",2008,3,1.79E+15,NScam
https://www.facebook.com/marketplace/item/,-,1.00E+00,"{'nearly': 1, 'new': 1, 'perfect': 1, 'working': 1, 'order': 1}","Stoke-on-Trent, England",2008,3,6.87E+14,NScam
https://www.facebook.com/marketplace/item/,-,1.00E+00,"{'This': 1, 'the': 3, '2nd': 1, 'time': 3, 'have': 1, 'posted': 1, 'this': 2, 'due': 1, 'wasters': 1, 'Anyone': 1, 'messaging': 1, 'ask': 1, 'any': 1, 'details': 2, 'will': 2, 'ignored': 1, 'only': 1, 'reply': 1, 'people': 2, 'who': 1, 'want': 1, 'collect': 1, 'phone': 1, 'The': 1, 'are': 1, 'already': 1, 'written': 1, 'here': 1, 'description': 1, 'Last': 1, 'days': 1, 'fed': 1, 'responding': 1, 'with': 1, 'same': 1, 'replies': 1, 'THIS': 1, 'PHONE': 3, 'FOR': 1, 'PARTS': 1, 'AND': 1, 'SPARES': 1, 'THAT': 1, 'MEANS': 1, 'THE': 2, 'DOES': 1, 'NOT': 3, 'WORK': 1, 'DONT': 1, 'KNOW': 1, 'PROBLEM': 1, 'REPAIR': 2, 'PERSON': 1, 'PLEASE': 1, 'ASK': 1, 'ANY': 1, 'QUESTIONS': 1, 'REGARDING': 1, 'SYMPTOMS': 1, 'Broken': 1, 'Back': 1, 'Not': 1, 'switching': 1, 'Dont': 1, 'waste': 1, 'offers': 1, 'Collection': 1, 'from': 1, 'Edmonton': 1}","Harlow, England",2020,2,1.56E+15,Scam
https://www.facebook.com/marketplace/item/,-,1.00E+00,"{'Specification': 1, 'Sizes': 1, 'Available': 3, 'w100cm': 1, 'h200cm': 1, 'd62cm': 5, 'w120cm': 1, 'h216cm': 5, 'w150cm': 1, 'w180cm': 1, 'w203cm': 1, 'w250cm': 1, 'd62cm3': 1, 'Full': 1, 'Mirrors': 1, 'Door': 1, 'Colors': 1, '1White': 1, '2Black3Oak': 1, '4Grey': 1, 'LED': 1, 'for': 2, 'u00a315': 1, 'each': 2, 'u00a310': 1, 'Extra': 1, 'Charge': 1, 'Floor': 1, 'Delivery': 1, 'charge': 1, 'depend': 1, 'area': 1, 'you': 1, 'need': 1, 'any': 1, 'kind': 1, 'information': 1, 'please': 1, 'feel': 1, 'free': 1, 'contact': 1}","Stockton-on-Tees, England",2022,7,1.58E+15,Scam
https://www.facebook.com/marketplace/item/,-,1.00E+00,"{'Unlocked': 1, '128gb': 1, 'full': 1, 'working': 1}","Spalding, England",2021,3,8.95E+14,Scam
https://www.facebook.com/marketplace/item/,-,1.00E+00,{},"Nottingham, England",2022,8,6.87E+14,Scam
https://www.facebook.com/marketplace/item/,-,1.00E+00,"{'Specification': 1, 'Sizes': 1, 'Available': 3, 'w100cm': 1, 'h200cm': 1, 'd62cm': 5, 'w120cm': 1, 'h216cm': 5, 'w150cm': 1, 'w180cm': 1, 'w203cm': 1, 'w250cm': 1, 'd62cm3': 1, 'Full': 1, 'Mirrors': 1, 'Door': 1, 'Colors': 1, '1White': 1, '2Black3Oak': 1, '4Grey': 1, 'LED': 1, 'for': 2, 'u00a315': 1, 'each': 2, 'u00a310': 1, 'Extra': 1, 'Charge': 1, 'Floor': 1, 'Delivery': 1, 'charge': 1, 'depend': 1, 'area': 1, 'you': 1, 'need': 1, 'any': 1, 'kind': 1, 'information': 1, 'please': 1, 'feel': 1, 'free': 1, 'contact': 1}","Harlow, England",2022,7,1.58E+15,Scam
https://www.facebook.com/marketplace/item/,-,1.00E+00,"{'Hand': 1, 'crafted': 1, 'Armenian': 1, 'brandy': 1, 'see': 1, 'pic': 1, 'for': 1, 'details': 1}","Hyde, England",2020,2,8.95E+14,Scam
https://www.facebook.com/marketplace/item/,-,1.00E+00,{},"Ludlow, England",2007,8,1.58E+15,Scam
https://www.facebook.com/marketplace/item/,-,1.00E+00,"{'for': 1, 'sell': 1, 'have': 2, 'nice': 1, 'look': 1, 'custom': 1, 'handmade': 1, 'chef': 1, 'set': 1, 'kitchen': 1, 'knife': 2, 'with': 2, 'leather': 1, 'sheath': 1, 'most': 1, 'epic': 1, 'from': 1, 'our': 1, 'new': 1, 'drop': 1, 'and': 1, 'sharp': 1, 'edge': 1, 'strong': 1, 'grip': 1, 'the': 1, 'handle': 1, 'httpsshanknivesstoreproductscustomhandmadedamascussteelhuntingkniveswithwirecut': 1}","Birmingham, England",2022,10,1.67E+15,Scam
https://www.facebook.com/marketplace/item/,-,1.00E+00,"{'New': 1, 'Samsung': 1, 'Galaxy': 1, 'S22': 1, 'Ultra': 1, 'Sealed': 1, 'with': 1, 'proof': 1, 'and': 1, 'purchase': 1, 'unlocked': 1, 'any': 1, 'network': 1}","Newcastle upon Tyne, England",2023,1,1.56E+15,Scam
https://www.facebook.com/marketplace/item/,-,1.00E+00,"{'u2022upgraded': 6, 'thick': 1, 'vinyl': 1, 'graphic': 1, 'kit': 1, 'u2022brand': 3, 'new': 3, 'rear': 1, 'michelin': 1, 'tyre': 2, 'comfy': 1, 'seat': 1, 'high': 1, 'rise': 1, 'handle': 2, 'bars': 2, 'u2022middle': 1, 'speedo': 1, 'mount': 1, 'pro': 1, 'taper': 1, 'foot': 1, 'pegs': 1, '58t': 1, 'sprocket': 1, 'Rear': 1, 'magura': 1, 'break': 1, 'u20222': 1, 'keys': 1, 'u2022charger': 1, 'u2022150': 1, 'ud83dudcb5': 1, 'MESSERS': 1, 'ONLY': 1, 'MSG': 1, 'INTERESTED': 1}","Halifax, England",2023,7,1.66E+15,Scam
https://www.facebook.com/marketplace/item/,-,1.00E+00,"{'Scale': 1, 'helmet': 1, 'Schuberth': 1, 'Red': 1, 'bull': 1, 'racing': 1, 'Limited': 1, 'Edition': 1}","Glasgow, Scotland",2021,5,6.06E+14,Scam
https://www.facebook.com/marketplace/item/,-,1.00E+00,"{'Wore': 1, 'just': 1, 'for': 1, 'picture': 1, 'still': 1, 'got': 1, 'tags': 1, 'ud83cudff7ufe0f': 1}","Newark, England",2017,1,1.27E+15,Scam
https://www.facebook.com/marketplace/item/,-,1.00E+00,{},"Selby, England",2020,8,1.38E+15,Scam
https://www.facebook.com/marketplace/item/,-,1.00E+00,"{'Please': 2, 'read': 1, 'carefully': 1, 'Selling': 1, 'dewalt': 1, 'set': 3, 'This': 1, 'includes': 1, 'Brushless': 7, 'circular': 1, 'saw': 2, 'grinder': 1, 'combi': 1, 'drill': 2, 'New': 1, 'impact': 1, 'driver': 1, 'speed': 1, 'multi': 1, 'tool': 1, 'SDS': 1, 'jigsaw': 1, 'Reciprocating': 1, 'Torch': 1, 'free': 1, 'with': 1, '5amp': 1, 'batteries': 1, 'Dewalt': 1, 'new': 1, 'charger': 1, 'ridiculous': 1, 'offers': 1, 'Collection': 1, 'Postage': 1, 'only!!!': 1}","Bristol, England",2023,4,1.67E+15,Scam
https://www.facebook.com/marketplace/item/,-,1.00E+00,"{'90u0025': 1, 'new!!!': 1, 'have': 1, 'been': 1, 'using': 1, 'for': 3, 'week': 1, 'and': 2, 'still': 1, 'usable': 1, 'bought': 1, 'through': 1, 'this': 2, 'site': 4, 'paid': 1, 'very': 3, 'low': 2, 'price': 1, 'you': 1, 'want': 1, 'buy': 1, 'brand': 2, 'new': 2, 'check': 1, 'out': 1, 'They': 1, 'are': 1, 'free': 1, 'shipping': 1, 'httpsshopify1com': 1, 'This': 1, 'doing': 1, 'sale': 1, 'prices': 1, 'the': 1, 'all': 1, 'products': 1, 'with': 1, 'warranty': 1, 'cards': 1, 'invoices': 1, 'perfect!!!': 1, 'The': 1, 'delivery': 1, 'time': 1, 'about': 1, 'days': 1, 'fast!': 1}","Liverpool, England",2021,3,1.58E+15,Scam
https://www.facebook.com/marketplace/item/,-,1.00E+00,{},"London, England",2021,1,9.31E+14,Scam
https://www.facebook.com/marketplace/item/,-,1.00E+00,{},"Haverfordwest, Wales",2021,10,1.38E+15,Scam
https://www.facebook.com/marketplace/item/,-,1.00E+00,"{'Never': 1, 'been': 1, 'used': 1, 'Heat': 1, 'Powered': 1, 'Stove': 1, 'Fan': 1}","Doncaster, England",2023,4,1.67E+15,Scam
https://www.facebook.com/marketplace/item/,-,1.00E+00,"{'Unleash': 1, 'the': 2, 'full': 1, 'potential': 1, 'your': 4, 'forearms': 2, 'with': 2, 'MyGripHand': 1, 'Experience': 1, 'pump': 1, 'and': 4, 'see': 1, 'veins': 1, 'pop': 1, 'you': 1, 'strengthen': 1, 'hands': 1, 'every': 1, 'use': 2, 'Consistency': 1, 'key': 1, 'achieving': 1, 'results': 1, 'commit': 1, 'few': 1, 'weeks': 1, 'regular': 1, 'watch': 1, 'grip': 2, 'strength': 1, 'soar': 1, 'Say': 1, 'goodbye': 1, 'weak': 1, 'handshakes': 1, 'hello': 1, 'confident': 1}","Wallasey, England",2022,2,1.38E+15,Scam
https://www.facebook.com/marketplace/item/,-,1.00E+00,"{'Samsung': 1, 'galaxy': 1, 's22': 1, 'ultra': 1, '256gb': 1, 'message': 1, 'for': 1, 'any': 1, 'details': 1, 'thanks': 1}","Bristol, England",2023,4,1.56E+15,Scam
https://www.facebook.com/marketplace/item/,-,1.00E+00,"{'plus': 1, 'rental': 1, 'Fixed': 1, 'u00a3500': 1, 'deposit': 1, '200': 1, 'day': 1, '1000': 1, 'weekly': 1, 'provide': 1, 'and': 2, 'insurance': 1, 'drop': 1, 'offs': 1, 'Message': 1, 'for': 1, 'enquiries': 1}","Bristol, England",2023,0,8.07E+14,Scam
https://www.facebook.com/marketplace/item/,-,1.00E+00,"{'only': 1, 'used': 1, 'few': 1, 'times': 1, 'like': 1, 'new': 1, 'still': 2, 'and': 2, 'will': 1, 'deepclean': 1, 'before': 1, 'sale': 1, 'its': 1, 'the': 1, 'dyson': 1, 'airwrap': 1, 'complete': 1, 'long': 1, 'paid': 1, 'u00a3450': 1, 'from': 1, 'john': 1, 'lewis': 1, 'last': 1, 'year': 1, 'has': 1, 'monthu2019s': 1, 'warranty': 1, 'any': 1, 'questions': 1, 'feel': 1, 'free': 1, 'ask': 1, 'collection': 1, 'postage': 1, 'available': 1}","Doncaster, England",2023,5,1.56E+15,Scam
https://www.facebook.com/marketplace/item/,-,1.00E+00,"{'48v': 1, '1000w': 1, 'motor': 2, 'Originalmente': 1, 'high': 1, 'quality': 2, '48w': 1, 'battery': 3, 'with': 1, 'grade': 1, 'cells': 1, 'ud83dudcaf': 1, 'Quality': 1, 'take': 1, 'care': 2, 'our': 1, 'brand': 1, 'name': 1, 'dont': 1, 'use': 1, 'china': 1, 'fake': 1, 'ud83dudd0b': 4, 'from': 1, 'ebay': 1, 'about': 1, '1000W': 1, 'Motor': 1, '275': 1, 'wheels': 1, 'Double': 1, 'system': 1, 'Throttle': 1, 'and': 2, 'pedal': 1, 'assintece': 1, 'ud83dudd0b13AH': 1, 'hours': 4, 'work': 2, '_999u00a3': 1, 'ud83dudd0b20AH': 1, '1099u00a3': 1, '26AH': 1, 'works': 1, '1250u00a3': 1, '33AH': 1, '1330u00a3': 1, '70km': 1, 'top': 1, 'speed': 1, 'months': 1, 'warranty': 1, 'for': 1}","Ilford, England",2021,3,1.66E+15,Scam
https://www.facebook.com/marketplace/item/,-,1.00E+00,"{'Used': 1, 'only': 1, 'times': 1, 'completely': 1, 'new': 1}","London, England",2016,3,8.95E+14,Scam
https://www.facebook.com/marketplace/item/,-,1.00E+00,"{'Iu2019m': 3, 'selling': 2, 'tyres': 2, 'and': 2, 'wheels': 2, 'Mercedes': 1, 'cls': 1, '400': 1, '2016': 1, 'Only': 1, 'changing': 1, 'them': 3, 'cos': 1, 'Iu2019ve': 1, 'got': 1, 'new': 1, 'bigger': 1, 'size': 1, 'this': 1, 'one': 1, 'They': 1, 'come': 1, 'sizes': 1, 'Front': 1, '2553519': 1, 'Back': 1, '2853019': 1, 'Wheels': 1, 'are': 3, 'Mint': 1, 'condition': 2, 'Tyres': 1, 'barely': 1, 'used': 1, 'Please': 1, 'time': 1, 'wasters': 1, 'happy': 1, 'for': 1, 'anyone': 1, 'they': 2, 'wants': 1, 'look': 1, 'can': 1, 'see': 1, 'very': 2, 'good': 1}","Ilford, England",2023,0,8.07E+14,Scam
https://www.facebook.com/marketplace/item/,-,1.00E+00,"{'Tracheostomy': 1, 'Tube': 2, 'Brand': 1, 'New': 1, 'Never': 1, 'been': 1, 'used': 1, 'its': 2, 'Silver': 1, 'Negus': 1, '28fg': 1, 'the': 2, 'same': 1, 'sort': 1, 'size': 1, 'Shiley': 2, 'Size': 2, 'built': 1, 'speaking': 1, 'valve': 1, 'and': 2, 'more': 1, 'discreet': 1, 'then': 1, 'Wrong': 1, 'delivered': 1, 'medical': 1, 'carnt': 1, 'return': 1, 'this': 2, 'was': 1, 'funded': 1, 'myself': 1, 'from': 1, 'private': 1, 'company': 1, 'called': 1, 'Kappitax': 1, 'Willing': 1, 'post': 1, 'with': 1, 'Tracking': 1, 'Code': 1, 'cost': 1, 'around': 1, 'u00a3500': 1}","Wakefield, England",2021,1,2.15E+14,Scam
https://www.facebook.com/marketplace/item/,-,1.00E+00,"{'Posibile': 1, 'separately': 1, 'sale': 1}","Upminster, England",2023,2,1.67E+15,Scam
https://www.facebook.com/marketplace/item/,-,1.00E+00,"{'Pro': 1, 'grade': 1, 'gaming': 2, 'mouse': 2, 'including': 1, '4KHz': 1, 'polling': 1, 'rate': 1, 'dongle': 2, 'Original': 1, '1KHz': 1, 'Superglide': 1, 'glass': 1, 'skates': 1, 'All': 1, 'the': 2, 'above': 1, 'was': 1, 'u00a3190': 1, 'when': 1, 'first': 1, 'purchased': 1, 'Lightly': 1, 'used': 1, 'and': 1, '50u0025': 1, 'price': 1, 'this': 1, 'bargain': 1, 'for': 1, 'anyone': 1, 'who': 1, 'enjoys': 1}","Birmingham, England",2023,6,1.79E+15,Scam
https://www.facebook.com/marketplace/item/,-,1.00E+00,"{'Tool': 1, 'kit': 1, 'used': 1, 'few': 1, 'times': 1, 'retiring': 1, 'and': 1, 'need': 1, 'tools': 1, 'gone': 1, 'for': 1, 'offers': 1}","Bolton, England",2021,3,1.67E+15,Scam
